Title,Subreddit,Upvotes,Comments,Post URL
Bro who sold for 2x vs You waiting for 100x,Bitcoin,1,0,https://i.redd.it/wikcjxn6r6fe1.png
Grant Cardone getting creative with Bitcoin! (x-post from /r/Bitcoin),CryptoCurrencyClassic,1,0,https://www.reddit.com/r/Bitcoin/comments/1i9tdk2/grant_cardone_getting_creative_with_bitcoin/
In-Kind Redemptions for BlackRock IBIT (x-post from /r/Bitcoin),CryptoCurrencyClassic,1,0,https://www.reddit.com/r/Bitcoin/comments/1i9tnia/inkind_redemptions_for_blackrock_ibit/
Sold all my BTC (x-post from /r/Bitcoin),CryptoCurrencyClassic,1,0,https://www.reddit.com/r/Bitcoin/comments/1i9tpzf/sold_all_my_btc/
CloudBet - Great Gaming experience from the mediocre one.,CryptoCasinos2024,1,0,https://www.reddit.com/r/CryptoCasinos2024/comments/1i9tr9w/cloudbet_great_gaming_experience_from_the/
Sold all my BTC,Bitcoin,10,9,https://www.reddit.com/r/Bitcoin/comments/1i9tpzf/sold_all_my_btc/
LayerEdge airdrop.. Free crypto,CryptoAirdrops9,1,0,https://i.redd.it/ev3lvuv2q6fe1.jpeg
Bitcoin probably isnâ€™t going anywhere,Buttcoin,8,10,https://www.reddit.com/r/Buttcoin/comments/1i9toyk/bitcoin_probably_isnt_going_anywhere/
Back in 2021 when I heard about Doge and didnâ€™t know what I was doing,dogecoin,1,1,https://i.redd.it/beluk6wqp6fe1.jpeg
In-Kind Redemptions for BlackRock IBIT,Bitcoin,3,2,https://www.reddit.com/r/Bitcoin/comments/1i9tnia/inkind_redemptions_for_blackrock_ibit/
Was in the App Store Todayâ€¦,WeirdGOP,4,3,https://i.redd.it/2y71f22kp6fe1.jpeg
Bitcoin mining ref code,referralcodes,1,0,https://www.reddit.com/r/referralcodes/comments/1i9tmgn/bitcoin_mining_ref_code/
Cannot Enter my CVC,Skeb,1,0,https://www.reddit.com/r/Skeb/comments/1i9tk5u/cannot_enter_my_cvc/
"CoinBase Referral, sign up bonus and earn program for extra free crypto",ReferralCodesCrypto,1,0,https://www.reddit.com/r/ReferralCodesCrypto/comments/1i9tj77/coinbase_referral_sign_up_bonus_and_earn_program/
[H] Crypto(s) & PayPal & Cashapp & Venmo [W] Amazon GCs & Best Buy & Apple/iTunes & Lowes - Home Depot (75%),giftcardexchange,1,1,https://www.reddit.com/r/giftcardexchange/comments/1i9th3g/h_cryptos_paypal_cashapp_venmo_w_amazon_gcs_best/
"Awake Earth Music & Learning Festival 2025 (Uvita, Costa Rica)",festivals,1,0,https://i.redd.it/pqelwbn4o6fe1.jpeg
5.BlockDAG,BestofDePin,1,0,https://www.reddit.com/r/BestofDePin/comments/1i9te52/5blockdag/
US Bitcoin ETFs are more valuable than ever after 7-day inflow streak (x-post from /r/Cryptocurrency),CryptoCurrencyClassic,1,0,https://www.reddit.com/r/CryptoCurrency/comments/1i9t8ji/us_bitcoin_etfs_are_more_valuable_than_ever_after/
Grant Cardone getting creative with Bitcoin!,Bitcoin,0,1,https://m.youtube.com/watch?v=wJdgad4nXT0&pp=ygUHYml0Y29pbg%3D%3D
Correlation MSTY vs MSTR,YieldMaxETFs,1,0,https://www.reddit.com/r/YieldMaxETFs/comments/1i9tdis/correlation_msty_vs_mstr/
BTC investment (x-post from /r/Bitcoin),CryptoCurrencyClassic,1,0,https://www.reddit.com/r/Bitcoin/comments/1i9swej/btc_investment/
"Should I invest Â£3,000? (x-post from /r/Bitcoin)",CryptoCurrencyClassic,1,0,https://www.reddit.com/r/Bitcoin/comments/1i9sx5z/should_i_invest_3000/
Nearsightedness (x-post from /r/Bitcoin),CryptoCurrencyClassic,1,0,https://www.reddit.com/r/Bitcoin/comments/1i9t54k/nearsightedness/
Your thoughts about the future of cryptocurrencies? (x-post from /r/Bitcoin),CryptoCurrencyClassic,1,0,https://www.reddit.com/r/Bitcoin/comments/1i9t6tv/your_thoughts_about_the_future_of_cryptocurrencies/
Seeking Feedback on a Non-Custodial Crypto Payment Gateway We've Developed (x-post from /r/Bitcoin),CryptoCurrencyClassic,1,0,https://www.reddit.com/r/Bitcoin/comments/1i9t8tx/seeking_feedback_on_a_noncustodial_crypto_payment/
Seeking Feedback on a Non-Custodial Crypto Payment Gateway We've Developed,Bitcoin,1,6,https://www.reddit.com/r/Bitcoin/comments/1i9t8tx/seeking_feedback_on_a_noncustodial_crypto_payment/
US Bitcoin ETFs are more valuable than ever after 7-day inflow streak,CryptoCurrency,1,0,https://www.theblock.co/post/337048/us-bitcoin-etfs-are-more-valuable-than-ever-after-7-day-inflow-streak?utm_source=rss&utm_medium=rss
"A study on ""The Environmental Impact of Bitcoin""",askblackpeople,1,1,https://www.reddit.com/r/askblackpeople/comments/1i9t7do/a_study_on_the_environmental_impact_of_bitcoin/
Your thoughts about the future of cryptocurrencies?,Bitcoin,6,12,https://www.reddit.com/r/Bitcoin/comments/1i9t6tv/your_thoughts_about_the_future_of_cryptocurrencies/
Bitcoin has completely dislocated from its ~70-day global M2 lag,EconomyCharts,9,0,https://i.redd.it/n9h9domwl6fe1.jpeg
Epic new Bitcoin ad. They keep getting better ðŸ™Œ. Uhh whoâ€™s gonna tell themâ€¦,btc,7,0,https://v.redd.it/2blk43pq16fe1
Nearsightedness,Bitcoin,1,1,https://www.reddit.com/r/Bitcoin/comments/1i9t54k/nearsightedness/
Dinheiro de uma igreja pode ser investido?,literaciafinanceira,0,17,https://www.reddit.com/r/literaciafinanceira/comments/1i9t4l1/dinheiro_de_uma_igreja_pode_ser_investido/
Please rate my portfolio,WallStreetBetsCrypto,6,11,https://i.redd.it/03nlv0ldl6fe1.jpeg
Phone for sale with TikTok app https://www.ebay.com/usr/gamete_21,TikTokExpert,1,0,https://www.reddit.com/gallery/1i9t3ox
Which cryptocurrency to invest in? An analysis of my recent experience and some questions for you all.,CryptoHelp,1,1,https://www.reddit.com/r/CryptoHelp/comments/1i9t2rp/which_cryptocurrency_to_invest_in_an_analysis_of/
Bitcoin ve Kripto Paralarla Ä°lgileniyorsanÄ±z KulaÄŸÄ±nÄ±za KÃ¼pe 8 UyarÄ±,Kriptofoni,1,0,https://www.kriptofoni.com/bitcoin-ve-kripto-paralarla-ilgileniyorsaniz-kulaginiza-kupe-8-uyari/
"A study on ""The Environmental Impact of Bitcoin""",wildlifebiology,1,0,https://www.reddit.com/r/wildlifebiology/comments/1i9t10o/a_study_on_the_environmental_impact_of_bitcoin/
"Should I invest Â£3,000?",Bitcoin,0,10,https://www.reddit.com/r/Bitcoin/comments/1i9sx5z/should_i_invest_3000/
BTC investment,Bitcoin,1,0,https://www.reddit.com/r/Bitcoin/comments/1i9swej/btc_investment/
How much bitcoin can you purchase on kraken in one time (x-post from /r/Bitcoin),CryptoCurrencyClassic,1,0,https://www.reddit.com/r/Bitcoin/comments/1i9slx9/how_much_bitcoin_can_you_purchase_on_kraken_in/
It is ripple trying to undermine the bitcoin reserve? (x-post from /r/Bitcoin),CryptoCurrencyClassic,1,0,https://www.reddit.com/r/Bitcoin/comments/1i9sutx/it_is_ripple_trying_to_undermine_the_bitcoin/
"""Not just a product - your seamless gateway to Bitcoin's DeFi future.""",velarBTC,1,0,https://v.redd.it/26qoavedj6fe1
"A study on ""The Environmental Impact of Bitcoin""",wisconsin,3,1,https://www.reddit.com/r/wisconsin/comments/1i9ssc2/a_study_on_the_environmental_impact_of_bitcoin/
"A study on ""The Environmental Impact of Bitcoin""",PlantEcology,0,2,https://www.reddit.com/r/PlantEcology/comments/1i9sq8o/a_study_on_the_environmental_impact_of_bitcoin/
Nano Is The Ultimate Green Investment: Nano IS Our Earth's Lifeline!,nanocurrency,16,0,https://www.reddit.com/r/nanocurrency/comments/1i9spf7/nano_is_the_ultimate_green_investment_nano_is_our/
"A study on ""The Environmental Impact of Bitcoin""",environmental_science,6,0,https://www.reddit.com/r/environmental_science/comments/1i9soql/a_study_on_the_environmental_impact_of_bitcoin/
"If you want to buy the new Braiins mini miner BMM-101 for easy Bitcoin mining over WiFi and super cool screen, use our link or simply code VOSKCOIN to save a whopping 10%! Best coupon code for Braiins! https://voskco.in/braiinscoupon",VoskCoin,1,0,https://i.redd.it/hd4gwj3wh6fe1.jpeg
"A study on ""The Environmental Impact of Bitcoin""",ecologyUK,1,0,https://www.reddit.com/r/ecologyUK/comments/1i9smd1/a_study_on_the_environmental_impact_of_bitcoin/
"A study on ""The Environmental Impact of Bitcoin""",ecologyUK,1,0,https://www.reddit.com/r/ecologyUK/comments/1i9smcr/a_study_on_the_environmental_impact_of_bitcoin/
"A study on ""The Environmental Impact of Bitcoin""",FreshwaterEcology,0,0,https://www.reddit.com/r/FreshwaterEcology/comments/1i9sk64/a_study_on_the_environmental_impact_of_bitcoin/
"A study on ""The Environmental Impact of Bitcoin""",OpenSourceEcology,2,0,https://www.reddit.com/r/OpenSourceEcology/comments/1i9sjdo/a_study_on_the_environmental_impact_of_bitcoin/
why its not safe to swap in ledger ?,ledgerwallet,2,4,https://www.reddit.com/r/ledgerwallet/comments/1i9si6m/why_its_not_safe_to_swap_in_ledger/
"A study on ""The Environmental Impact of Bitcoin""",Restoration_Ecology,3,3,https://www.reddit.com/r/Restoration_Ecology/comments/1i9shmb/a_study_on_the_environmental_impact_of_bitcoin/
Live free or die,newhampshire,0,3,https://www.reddit.com/r/newhampshire/comments/1i9sg2q/live_free_or_die/
[Discussion] What would you take with your Prestige and why?,EscapefromTarkov,0,9,https://www.reddit.com/r/EscapefromTarkov/comments/1i9seuj/discussion_what_would_you_take_with_your_prestige/
"ðŸ“ˆ Bitcoin dominance climbs past 57%, echoing 2020's cycle. Back then, dominance peaked at 72% before BTC doubled its prior ATH to ~$40K, signaling a shift to riskier assets. Will history repeat, or is this rally running out of steam? Keep an eye on dominance trends. Thoughts?",WhiteRhinoM,2,0,https://www.reddit.com/gallery/1i9sepf
TrendyScreen vs. IPTVGREAT: The 2024 IPTV Battle â€“ Which is the Best IPTV Service Provider?,comunidadespanol,1,0,https://www.reddit.com/r/comunidadespanol/comments/1i9sekk/trendyscreen_vs_iptvgreat_the_2024_iptv_battle/
Will I break any terms and conditions if I send some Bitcoin as a gift to an external wallet?,shakepay,1,3,https://www.reddit.com/r/shakepay/comments/1i9scjj/will_i_break_any_terms_and_conditions_if_i_send/
$YOI AI Crypto Signals ðŸ“Š,draqai,1,0,https://www.reddit.com/r/draqai/comments/1i9scij/yoi_ai_crypto_signals/
S1 Saturday,Currencytradingcards,14,9,https://www.reddit.com/gallery/1i9sbql
"In the Peruvian Andes, the village of Quebrada Verde is building a Bitcoin circular economy. With limited access to banks, residents are using Bitcoin as a way to save, trade, and participate in the global economy.",InBitcoinWeTrust,3,0,https://v.redd.it/5t6jpqh3f6fe1
Ledger Co-Founder Freed After Being Kidnapped and Held for Crypto Ransom: Reports,bitfate,1,0,https://www.reddit.com/r/bitfate/comments/1i9sagk/ledger_cofounder_freed_after_being_kidnapped_and/
"A study on ""The Environmental Impact of Bitcoin""",ecology,2,0,https://www.reddit.com/r/ecology/comments/1i9s8pg/a_study_on_the_environmental_impact_of_bitcoin/
Next steps for our Sloth,Slothana,16,17,https://www.reddit.com/r/Slothana/comments/1i9s6x8/next_steps_for_our_sloth/
Epic new Bitcoin ad. They keep getting better ðŸ™Œ,u_twd4f1,1,0,https://v.redd.it/2blk43pq16fe1
Walter Ulbricht - First Secretary of the Socialist Unity Party,Buttcoin,0,7,https://www.reddit.com/r/Buttcoin/comments/1i9s4m5/walter_ulbricht_first_secretary_of_the_socialist/
Murio Bitrefill y la felicidad del dolar crypto?,ArgamingConsultas,0,1,https://www.reddit.com/r/ArgamingConsultas/comments/1i9s29y/murio_bitrefill_y_la_felicidad_del_dolar_crypto/
Becoming a Bitcoin Wizard: The Magical World of Our Bitcoin QR Code API,BitcoinQR,1,0,https://www.reddit.com/r/BitcoinQR/comments/1i9s0cx/becoming_a_bitcoin_wizard_the_magical_world_of/
"Woman dumped ex-boyfriend's Rs 5,900 crore Bitcoin fortune in trash in 2009. What he is doing now (x-post from /r/Cryptocurrency)",CryptoCurrencyClassic,1,0,https://www.reddit.com/r/CryptoCurrency/comments/1i9rmmj/woman_dumped_exboyfriends_rs_5900_crore_bitcoin/
Guys at Bitcoin are blocking posts around Jack Mallers and accusing of being a XRP bag holder for simply posting who he is. (x-post from /r/Cryptocurrency),CryptoCurrencyClassic,1,0,https://www.reddit.com/r/CryptoCurrency/comments/1i9rvtd/guys_at_bitcoin_are_blocking_posts_around_jack/
Sondaggio: TOKEN Ticker,melonichan,3,0,https://www.reddit.com/r/melonichan/comments/1i9rz0j/sondaggio_token_ticker/
Is there a custodial bitcoin platform that can distribute bitcoin to my family once Iâ€™m gone? (x-post from /r/Bitcoin),CryptoCurrencyClassic,1,0,https://www.reddit.com/r/Bitcoin/comments/1i9rkq8/is_there_a_custodial_bitcoin_platform_that_can/
Guys at Bitcoin are blocking posts around Jack Mallers and accusing of being a XRP bag holder for simply posting who he is.,CryptoCurrency,0,18,https://www.reddit.com/gallery/1i9nuwb
Buy Signal Bitcoin Cash USD - 25 Jan 2025 @ 12:13 -> USD447.69,getagraph,1,0,https://www.reddit.com/r/getagraph/comments/1i9rqxf/buy_signal_bitcoin_cash_usd_25_jan_2025_1213/
My account was suspended for analysing bitcoin graph?,DeepSeek,5,0,https://i.redd.it/bn32jr0aa6fe1.jpeg
"Woman dumped ex-boyfriend's Rs 5,900 crore Bitcoin fortune in trash in 2009. What he is doing now",CryptoCurrency,0,3,https://www.moneycontrol.com/news/trends/woman-dumped-ex-boyfriends-rs-5900-crore-bitcoin-fortune-in-trash-in-2009-what-he-is-doing-now-12876467.html
Is there a custodial bitcoin platform that can distribute bitcoin to my family once Iâ€™m gone?,Bitcoin,2,10,https://www.reddit.com/r/Bitcoin/comments/1i9rkq8/is_there_a_custodial_bitcoin_platform_that_can/
IPTVEKO vs. IPTVTOPS: The Ultimate 2025 IPTV Battle â€“ Which One Fits Your Screen?,comunidadespanol,1,0,https://www.reddit.com/r/comunidadespanol/comments/1i9ri1m/iptveko_vs_iptvtops_the_ultimate_2025_iptv_battle/
"Just hit my 4th BTC anniversary. The more I stack, the more feeling of security I get that is hard to describe (x-post from /r/Bitcoin)",CryptoCurrencyClassic,1,0,https://www.reddit.com/r/Bitcoin/comments/1i9pnmf/just_hit_my_4th_btc_anniversary_the_more_i_stack/
Free Bitcoin cloud mining app for your phone that actually works!,thesidehustle,0,13,https://www.reddit.com/r/thesidehustle/comments/1i9rfwx/free_bitcoin_cloud_mining_app_for_your_phone_that/
WTT/WTS S3 Gems and 1 S2 Summer CN 16,Currencytradingcards,6,4,https://www.reddit.com/gallery/1i9rbzm
Best 3 Cryptos Under $1 To Buy This Week: Doge Uprising Could Be The Best Meme Coin Of 2025,draqai,1,0,https://www.reddit.com/r/draqai/comments/1i9rbei/best_3_cryptos_under_1_to_buy_this_week_doge/
Mining Pool Problem,BitAxe,2,5,https://www.reddit.com/r/BitAxe/comments/1i9raid/mining_pool_problem/
Donâ€™t waste my time.,BitcoinQR,1,0,https://i.redd.it/676qe0kv26fe1.jpeg
Bitcoin/etn + microstrategy = troppa esposizione o diversificazione?,ItaliaPersonalFinance,2,3,https://www.reddit.com/r/ItaliaPersonalFinance/comments/1i9r5cb/bitcoinetn_microstrategy_troppa_esposizione_o/
Umbrel Home - Bitcoin Mining Node?,BitcoinMining,1,4,https://www.reddit.com/r/BitcoinMining/comments/1i9r4j3/umbrel_home_bitcoin_mining_node/
50k CHF to invest immediately then 2K per month - what would you do?,SwissPersonalFinance,10,18,https://www.reddit.com/r/SwissPersonalFinance/comments/1i9r1i7/50k_chf_to_invest_immediately_then_2k_per_month/
Fidelity Advantage Bitcoin ETF versus Fidelity Advantage Bitcoin ETF Fund,QuebecFinance,1,4,https://www.reddit.com/r/QuebecFinance/comments/1i9r19y/fidelity_advantage_bitcoin_etf_versus_fidelity/
Epic new Bitcoin ad. They keep getting better ðŸ™Œ (x-post from /r/Bitcoin),CryptoCurrencyClassic,1,0,https://www.reddit.com/r/Bitcoin/comments/1i9qktl/epic_new_bitcoin_ad_they_keep_getting_better/
Donâ€™t waste my time. (x-post from /r/Bitcoin),CryptoCurrencyClassic,1,0,https://www.reddit.com/r/Bitcoin/comments/1i9qppc/dont_waste_my_time/
When should I consider getting a cold storage wallet? (x-post from /r/Bitcoin),CryptoCurrencyClassic,1,0,https://www.reddit.com/r/Bitcoin/comments/1i9qz7h/when_should_i_consider_getting_a_cold_storage/
When should I consider getting a cold storage wallet?,Bitcoin,6,36,https://www.reddit.com/r/Bitcoin/comments/1i9qz7h/when_should_i_consider_getting_a_cold_storage/
"Day 53 shaking, for the past few shakes I've only be getting 21sats, why ?",shakepay,0,8,https://www.reddit.com/gallery/1i9qx19
All the levels for this bull run,u_VanceCoursewell,1,0,https://www.reddit.com/r/u_VanceCoursewell/comments/1i9qvly/all_the_levels_for_this_bull_run/
Netfly TV vs. IPTVGREAT: The Ultimate 2024 IPTV Showdown â€“ Which Service is the Best IPTV Provider?,comunidadespanol,1,0,https://www.reddit.com/r/comunidadespanol/comments/1i9qrit/netfly_tv_vs_iptvgreat_the_ultimate_2024_iptv/
Donâ€™t waste my time.,Bitcoin,100,3,https://i.redd.it/676qe0kv26fe1.jpeg
Bitcoin Demand Weakens but Large Investors Enter Reaccumulation (x-post from /r/Cryptocurrency),CryptoCurrencyClassic,1,0,https://www.reddit.com/r/CryptoCurrency/comments/1i9qfme/bitcoin_demand_weakens_but_large_investors_enter/
Epic new Bitcoin ad. They keep getting better ðŸ™Œ,Bitcoin,312,56,https://v.redd.it/2blk43pq16fe1
Plug and play node hardware (x-post from /r/Bitcoin),CryptoCurrencyClassic,1,0,https://www.reddit.com/r/Bitcoin/comments/1i9qhla/plug_and_play_node_hardware/
