Post Title,Subreddit,Post ID,Created Time,Upvotes,Upvote Ratio,Comments Count,Post URL,Author,Flair,Post Text,Sentiment,Score
Grant Cardone getting creative with Bitcoin! (x-post from /r/Bitcoin),CryptoCurrencyClassic,1i9tsuw,2025-01-25 13:44:15,1,1.0,0,https://www.reddit.com/r/Bitcoin/comments/1i9tdk2/grant_cardone_getting_creative_with_bitcoin/,ASICmachine,,,Positive,0.8411928415298462
In-Kind Redemptions for BlackRock IBIT (x-post from /r/Bitcoin),CryptoCurrencyClassic,1i9tsuo,2025-01-25 13:44:15,1,1.0,0,https://www.reddit.com/r/Bitcoin/comments/1i9tnia/inkind_redemptions_for_blackrock_ibit/,ASICmachine,,,Neutral,0.9999819993972778
Sold all my BTC (x-post from /r/Bitcoin),CryptoCurrencyClassic,1i9tsug,2025-01-25 13:44:15,1,1.0,0,https://www.reddit.com/r/Bitcoin/comments/1i9tpzf/sold_all_my_btc/,ASICmachine,,,Neutral,0.9999123811721802
CloudBet - Great Gaming experience from the mediocre one.,CryptoCasinos2024,1i9tr9w,2025-01-25 13:42:27,1,1.0,0,https://www.reddit.com/r/CryptoCasinos2024/comments/1i9tr9w/cloudbet_great_gaming_experience_from_the/,EmphasisSufficient91,,"https://preview.redd.it/42q8egpqp6fe1.jpg?width=975&format=pjpg&auto=webp&s=fb4274d2dbb1580dc109f3c118e25196c3d1bfb4

Crypto casinos are gambling sites that allow users to wager, win, and withdraw money in a variety of digital currencies, including Bitcoin, Ethereum, and others, and that take cryptocurrencies as payment.Due to the numerous advantages they provide to players, cryptocurrency casinos have become more and more well-known in the online gaming sector since the first one was established in 2016. These platforms provide a number of benefits over conventional online casinos, including the ability for users to wager using cryptocurrencies like Bitcoin, Ethereum, Litecoin, and others. Only a small number of cryptocurrency casinos, however, offer the greatest user experience to the community of cryptocurrency fans and online gamblers looking for cutting-edge and practical ways to play casino games. 

Cloudbet Casino is one of the few cryptocurrency online casinos that has addressed the common annoyances, disadvantages, and problems related to online gambling while simultaneously offering a positive gaming experience with cutting-edge features, a wide variety of games, security, and transparency, as well as enabling quick and easy withdrawals.

Cloudbet distinguishes itself with its instant payouts, guaranteeing that winnings, no matter how big, are credited to player accounts right away. It also improves the gaming experience with alluring bonuses and promotions, such as a massive $2500 welcome bonus, cryptocurrency bonus, monthly rakeback, VIP program, slot tournaments, and more.

Operating with a full gaming license, Cloudbet guarantees that all of its games adhere to strict guidelines. This license ensures that the casino game is frequently reviewed and regulated, upholding strict fairness and transparency criteria. Because every round of the game is closely regulated, players can be sure that the results are fair. Baccarat, Blackjack, Roulette, Poker, Slot Games, Live Casino, and Lottery are some of the most popular games at Cloudbet Casino. Grab the chance to improve your cryptocurrency and gaming experiences with unmatched advantages.

When you use the Cloudbet casino, you're not just playing a game; you're entering a vibrant setting where strategy, thrills, and real-money gains come together to create an excellent gaming experience. 

Join premium to take advantage of amazing benefits and the greatest gaming experience available on Cloudbet for the Super Bowl, and more.

Official Website: Cloudbet . com

Twitter: @ Cloudbet

Telegram: @ CloudbetOfficialBot",Positive,0.9999998807907104
Sold all my BTC,Bitcoin,1i9tpzf,2025-01-25 13:40:51,19,0.85,17,https://www.reddit.com/r/Bitcoin/comments/1i9tpzf/sold_all_my_btc/,Fresh_Chedd4r,,"Just wanted to share my BTC journey and my reasons for pausing

Back in July I bought 2800$ in bitcoin that was being put aside for tax time. My reasoning for that was to hedge $CAD inflation and maybe make a little extra. Since then its been sitting with 100$ thrown in here and there and today I make the regrettable but responsible decision to sell at 80% profit totalling 6500$. I hate selling as I know BTC is only going up in price but I will be able to pay the remaining 3200$ I owe on a 27% APR car loan. 

No more stress about a 200$ bi weekly car payment means I can allocate the 200$ into buying more bitcoin and with time my BTC reserve will sit above 6000$+, hedge CAD$ devaluation with no pressure to sell it. Thank you for reading. Taking profit is good and all but It cannot be enjoyed if I owe that amount with a 27% interest rate. 

Bonus is my credit score will be looking snazzy!",Neutral,0.9995144605636597
LayerEdge airdrop.. Free crypto,CryptoAirdrops9,1i9tpmq,2025-01-25 13:40:26,1,1.0,0,https://i.redd.it/ev3lvuv2q6fe1.jpeg,Makarand9,,"LayerEdge | Testnet Live | Earn EDGE Points ğŸ˜‹

âœ… Register: https://dashboard.layeredge.io 

â­ï¸ Refer Code: WoRLSCLk

âœ”ï¸ Connect your Metamask Wallet
âœ”ï¸ Enter Code: WoRLSCLk
âœ”ï¸ Daily Streak
âœ”ï¸ Click Start Node
âœ”ï¸ Submit Proofs task

#LayerEdge #cryptoairdrops #cryptocurrency #bitcoin #earnfreecrypto ",Neutral,0.9999107122421265
Bitcoin probably isnâ€™t going anywhere,Buttcoin,1i9toyk,2025-01-25 13:39:36,13,0.88,20,https://www.reddit.com/r/Buttcoin/comments/1i9toyk/bitcoin_probably_isnt_going_anywhere/,Additional-Rip-7410,,"Iâ€™m the guy thatâ€™s writing the research paper on bitcoin. The more I think about what bitcoin is and what people are trying to utilize it for the more I think that this is probably here to stay 

I donâ€™t agree with Bitcoin. Buying money with money is fundamentally unsound, and buying bitcoin makes less sense than buying gold, but I understand what they are trying to accomplish.  

The bitcoin guys think that bitcoin is a better version of gold. I wouldnâ€™t be surprised if the majority of bitcoin maximalists used to invest in precious metals. I at the very least know of one maximalist who was very big on buying silver before bitcoin came around.

Regardless of if bitcoin is here to stay, a lot of these guys are playing a very dangerous game. More often Iâ€™m seeing posts about people liquidating their 401(k) and putting it into bitcoin.  Like all investments thereâ€™s a chance that youâ€™re wrong about the thesis entirely.  And like all investments and markets, there will be a day where youâ€™re down a significant amount of money.  When this day comes, many will be wiped out when they need it the most, especially if theyâ€™re trading on margin.

To me buying bitcoin doesnâ€™t make any more sense than buying gold. The best you can expect any unproductive asset to perform is in direct proportion to inflation, but wouldnâ€™t you want to do better than that?   Thereâ€™s obviously a lot of speculation around bitcoin currently and maybe it is the next â€œbig thing,â€ but regardless, I will not be participating.",Neutral,0.9994902610778809
Back in 2021 when I heard about Doge and didnâ€™t know what I was doing,dogecoin,1i9to36,2025-01-25 13:38:31,2,0.75,1,https://i.redd.it/beluk6wqp6fe1.jpeg,Professional_Owl7423,,,Neutral,0.9547052979469299
In-Kind Redemptions for BlackRock IBIT,Bitcoin,1i9tnia,2025-01-25 13:37:51,3,1.0,2,https://www.reddit.com/r/Bitcoin/comments/1i9tnia/inkind_redemptions_for_blackrock_ibit/,Mental-Sock-1551,,"Does this mean those with IBIT shares get to ""sell"" IBIT for BTC? How would this work on non-defi exchanges like Schwab and Fidelity? How would rules apply to retirement vs. non retirement accounts.  
[https://www.coindesk.com/markets/2025/01/24/nasdaq-files-for-in-kind-redemptions-for-blackrock-spot-bitcoin-etf](https://www.coindesk.com/markets/2025/01/24/nasdaq-files-for-in-kind-redemptions-for-blackrock-spot-bitcoin-etf)",Neutral,0.9999316930770874
Was in the App Store Todayâ€¦,WeirdGOP,1i9tn7l,2025-01-25 13:37:29,4,1.0,4,https://i.redd.it/2y71f22kp6fe1.jpeg,Reddit_Username200,Cringe,"Found this gem in the App Store today (Apple, not if itâ€™s on Android) on my phone and I donâ€™t know if I feel panicked, doomed, or a mixture of both. Either way, thanks Dump ğŸ–•ğŸ»",Neutral,0.9999927282333374
Bitcoin mining ref code,referralcodes,1i9tmgn,2025-01-25 13:36:33,1,1.0,0,https://www.reddit.com/r/referralcodes/comments/1i9tmgn/bitcoin_mining_ref_code/,sarathe123,,"Download and earn free BTC with me now! My invitation code:QWCQKE
Appstore:https://apps.apple.com/us/app/id6503180820
Google play:https://play.google.com/store/apps/details?id=bitcoin.minning.com",Neutral,0.9988017082214355
Cannot Enter my CVC,Skeb,1i9tk5u,2025-01-25 13:33:45,1,1.0,0,https://www.reddit.com/r/Skeb/comments/1i9tk5u/cannot_enter_my_cvc/,Sad_Donkey_5798,,"This may be a stupid question, but once I entered my credit card label and my name, the field for taking the CVC is still greyed out and won't take my input

https://preview.redd.it/4uol6wrso6fe1.png?width=1097&format=png&auto=webp&s=299f27e2c5421729e0a605624939da8a12f3232f

",Neutral,0.9337312579154968
"CoinBase Referral, sign up bonus and earn program for extra free crypto",ReferralCodesCrypto,1i9tj77,2025-01-25 13:32:33,1,1.0,0,https://www.reddit.com/r/ReferralCodesCrypto/comments/1i9tj77/coinbase_referral_sign_up_bonus_and_earn_program/,Jason-Red,,"Hello! If you are looking at joining CoinBase, feel free to use my referral code below! Both you and I will earn $10 in gifted Bitcoin from CoinBase when you buy or sell $100 worth of any crypto through the Coinbase platform.

CoinBase earn: When you join Coinbase Earn, you can easily earn a variety of free crypto currencies. Just watch a short video, which is really an ad for a specific currency and answer a relatively easy question on the video you just watched. While some people have said they have earned over $150 dollars this way, I have only earned about $100 dollars so far, but that is still $100 of free crypto.

If you decide to use the referral, thank you and enjoy the free Crypto!

[https://www.coinbase.com/en-ca/join/U2Q5ZNZ?src=ios-link](https://www.coinbase.com/en-ca/join/U2Q5ZNZ?src=ios-link)",Neutral,0.999968409538269
[H] Crypto(s) & PayPal & Cashapp & Venmo [W] Amazon GCs & Best Buy & Apple/iTunes & Lowes - Home Depot (75%),giftcardexchange,1i9th3g,2025-01-25 13:30:03,1,1.0,1,https://www.reddit.com/r/giftcardexchange/comments/1i9th3g/h_cryptos_paypal_cashapp_venmo_w_amazon_gcs_best/,sayknn,,"Please comment before PM.

# [Click here to start a trade.](https://www.reddit.com/message/compose?to=sayknn&subject=[Your%20gift%20card%28s%29%20here]&message=%0A%20*%20Gift%20cards%20that%20I%20want%20to%20trade%20and%20their%20values%20%0A%0A%20[ANSWER%20HERE]%20%0A%0A%20*%20How%20I%20want%20to%20be%20paid%20%0A%0A%20[ANSWER%20HERE]%20%0A%0A%20*%20How%20and%20where%20I%20acquired%20my%20gift%20cards%20and%20why%20am%20I%20selling%20them%20%0A%0A%20[ANSWER%20HERE]%20%0A%0A)

If you prefer to send chat messages please use the start trade link first.

* I can use any low transfer fee crypto that is not mentioned for a 2% exchange fee.
* Please double-check the username before the trade.
* **Minimum trade amount is 50$.**
* If you have a high trade count (200+), I will go first. Otherwise, contact me if you are comfortable going first.
* Provided rate ranges are based on the user's profile and trading history.

The gift cards I'm looking for with their rates:

|Card|Crypto Rate^(1) **(Å)**|Cashapp & Paypal F&F|Paypal G&S Rate|
|:-|:-|:-|:-|
|Amazon US (receipt preferred)|65%|70%|75%|
|Best Buy|55%|55%|60%|
|Lowes ($100+)|70%|70%|75%|
|Home Depot ($100+)|70%|70%|75%|
|Apple/iTunes US|60%|62%|65%|
|Target|55%|60%|60%|
|Walmart|55%|60%|60%|
|Steam USD|60%|60%|65%|
|Starbucks|40%|45%|45%|
|T.J. Maxx|40%|45%|45%|



^(1)The rates shown above are for **Litecoin (Å)** only. For trades with **Bitcoin (â‚¿)**, the rate decreases **1-2%** depending on the amount.",Neutral,0.9999985694885254
"Awake Earth Music & Learning Festival 2025 (Uvita, Costa Rica)",festivals,1i9tgmm,2025-01-25 13:29:27,1,1.0,0,https://i.redd.it/pqelwbn4o6fe1.jpeg,Sasruto,Costa Rica,,Neutral,0.9999202489852905
5.BlockDAG,BestofDePin,1i9te52,2025-01-25 13:26:22,1,1.0,0,https://www.reddit.com/r/BestofDePin/comments/1i9te52/5blockdag/,Vincenzinhoe,,"With a 50 MB app size, it ensures smooth and hassle-free download, allowing users to engage in mining activities. To increase daily engagement, users can boost their mining rate by clicking the lightning button every 24 hours and enjoy mining without draining their mobileâ€™s battery! The app is available for both Android and IOS. Connect to your WiFi, install the app and start mining!  
  
Ever wondered how to mine crypto coins? Well, now you can do it on the go. The BlockDAG X1 brings cryptocurrency mining right onto your smartphones. Its speed and efficiency make it one of the best crypto mining software available both on IOS and Android. This mobile miner app only has a size of 50MB requiring less space and resources to run, ensuring compatibility with most IOS and android devices and making it fit for beginners and experts alike. BlockDAG X1 can mine up to 20 BDAG daily but also serve as your go to bitcoin miner app.

[https://blockdag.network/](https://blockdag.network/) \- download X1 miner from here and type in ref code: pR1KRjFt for bonus !

  
",Neutral,0.998723566532135
US Bitcoin ETFs are more valuable than ever after 7-day inflow streak (x-post from /r/Cryptocurrency),CryptoCurrencyClassic,1i9tdkz,2025-01-25 13:25:43,1,1.0,0,https://www.reddit.com/r/CryptoCurrency/comments/1i9t8ji/us_bitcoin_etfs_are_more_valuable_than_ever_after/,ASICmachine,,,Positive,0.9907267093658447
Grant Cardone getting creative with Bitcoin!,Bitcoin,1i9tdk2,2025-01-25 13:25:40,0,0.33,2,https://m.youtube.com/watch?v=wJdgad4nXT0&pp=ygUHYml0Y29pbg%3D%3D,Similar-Alps-2581,,"â€œI opened up a new fund that combines the stability of real estate with the explosive potential of Bitcoin. This is the first fund of its kindâ€”no debt, positive cash flow, and the opportunity for everyday investors to build wealth like never before. By reinvesting real estate cash flow into Bitcoin, weâ€™re creating a model that balances risk and maximizes returns. This is the future of investing, and Iâ€™m inviting you to be part of it. Letâ€™s make history together!â€",Neutral,0.9931550621986389
Correlation MSTY vs MSTR,YieldMaxETFs,1i9tdis,2025-01-25 13:25:37,1,1.0,0,https://www.reddit.com/r/YieldMaxETFs/comments/1i9tdis/correlation_msty_vs_mstr/,Capital-Ambassador-9,Question,"Has anybody run this correlation? I would like to hedge my MSTY from time to time by shorting MSTR, but do not know the precise amount. I see in the prospectus of MSTY that they invest about 87% of funds in t-bills,  so maybe for 100 shares of MSTY you short around 15 of MSTR. Or maybe some small amount of BTC (whatever is cheaper). Just an idea for when Bitcoin winter arrives. 
",Neutral,0.9999678134918213
BTC investment (x-post from /r/Bitcoin),CryptoCurrencyClassic,1i9tcax,2025-01-25 13:24:13,1,1.0,0,https://www.reddit.com/r/Bitcoin/comments/1i9swej/btc_investment/,ASICmachine,,,Neutral,0.9999513626098633
"Should I invest Â£3,000? (x-post from /r/Bitcoin)",CryptoCurrencyClassic,1i9tcap,2025-01-25 13:24:13,1,1.0,0,https://www.reddit.com/r/Bitcoin/comments/1i9sx5z/should_i_invest_3000/,ASICmachine,,,Neutral,0.9999734163284302
Nearsightedness (x-post from /r/Bitcoin),CryptoCurrencyClassic,1i9tcak,2025-01-25 13:24:12,1,1.0,0,https://www.reddit.com/r/Bitcoin/comments/1i9t54k/nearsightedness/,ASICmachine,,,Negative,0.9974240064620972
Your thoughts about the future of cryptocurrencies? (x-post from /r/Bitcoin),CryptoCurrencyClassic,1i9tcab,2025-01-25 13:24:12,1,1.0,0,https://www.reddit.com/r/Bitcoin/comments/1i9t6tv/your_thoughts_about_the_future_of_cryptocurrencies/,ASICmachine,,,Neutral,0.999885082244873
Seeking Feedback on a Non-Custodial Crypto Payment Gateway We've Developed (x-post from /r/Bitcoin),CryptoCurrencyClassic,1i9tca6,2025-01-25 13:24:12,1,1.0,0,https://www.reddit.com/r/Bitcoin/comments/1i9t8tx/seeking_feedback_on_a_noncustodial_crypto_payment/,ASICmachine,,,Neutral,0.9997532963752747
Seeking Feedback on a Non-Custodial Crypto Payment Gateway We've Developed,Bitcoin,1i9t8tx,2025-01-25 13:20:03,1,1.0,6,https://www.reddit.com/r/Bitcoin/comments/1i9t8tx/seeking_feedback_on_a_noncustodial_crypto_payment/,mazyartr,,"Hi community,

I'm part of a team that's been working on a project calledÂ **Paymento**, a non-custodial crypto payment gateway designed to empower wallets to function as business gateways. Our goal is to simplify crypto payments while ensuring users retain full control over their funds.

We're eager to gather feedback from this knowledgeable community. Specifically, we're interested in:

* Your thoughts on the importance of non-custodial solutions in crypto payments.
* Insights into multi-chain support and its significance for businesses.
* Any challenges you've encountered with crypto payment gateways that we should be aware of.

Your feedback would be invaluable as we continue to refine and improve the platform. If you're interested in learning more or providing feedback, feel free to check out our recentÂ [ProductÂ HuntÂ launch](https://www.producthunt.com/posts/paymento).

Thank you for your time and insights!",Neutral,0.9998194575309753
US Bitcoin ETFs are more valuable than ever after 7-day inflow streak,CryptoCurrency,1i9t8ji,2025-01-25 13:19:42,1,0.67,0,https://www.theblock.co/post/337048/us-bitcoin-etfs-are-more-valuable-than-ever-after-7-day-inflow-streak?utm_source=rss&utm_medium=rss,KIG45,GENERAL-NEWS,,Positive,0.9997466206550598
"A study on ""The Environmental Impact of Bitcoin""",askblackpeople,1i9t7do,2025-01-25 13:18:10,1,1.0,1,https://www.reddit.com/r/askblackpeople/comments/1i9t7do/a_study_on_the_environmental_impact_of_bitcoin/,Kamuhy,General Question,"Hello everyone,

For my final dissertation, I am conducting a study on ""The Environmental Impact of Bitcoin"".

This survey will take less than 2min to complete (available in English, FranÃ§ais, and EspaÃ±ol).

Thank you in advance to everyone who takes the time to fill it out.

Every opinion matters!

Have a great day

[https://forms.gle/UokSNR6o5VLgobjg6](https://forms.gle/UokSNR6o5VLgobjg6)



Here is the beginning of my work: [https://metalab.essec.edu/towards-an-assessment-of-the-ecological-impact-of-bitcoin/](https://metalab.essec.edu/towards-an-assessment-of-the-ecological-impact-of-bitcoin/)",Neutral,0.999944806098938
Your thoughts about the future of cryptocurrencies?,Bitcoin,1i9t6tv,2025-01-25 13:17:29,7,1.0,13,https://www.reddit.com/r/Bitcoin/comments/1i9t6tv/your_thoughts_about_the_future_of_cryptocurrencies/,AdFar2742,,"Hello, I plan on putting 1,000â‚¬ into Bitcoin and just letting it sit for 20 years without even checking on it. Iâ€™m only 19 and financially well-off because Iâ€™ve been working a lot lately alongside my studies.
The only thing I want to understand before investing is why so many people are pessimistic about cryptocurrencies, calling them scams and all that. Is there any solid reason for them to think this way? I get that you guys will probably have a bit of pro-bitcoin bias, but come on, if Bitcoin works, I could make a ton of money. And if I lose 1,000â‚¬, itâ€™s frustrating but not the end of the world. Itâ€™s an amount I can afford to lose, and I donâ€™t enjoy buying unnecessary goods anyway, my money is just sleeping in my bank account.
Iâ€™m very confident about cryptocurrencies and truly believe in their future. I strongly believe cryptocurrencies are the future of finance and technology. My main concern for cryptocurrencies is the potential impact of a major war or catastrophic global event, but I donâ€™t think a severe financial collapse would completely destroy the bitcoin in the long run.
",Neutral,0.9946256279945374
Bitcoin has completely dislocated from its ~70-day global M2 lag,EconomyCharts,1i9t6f1,2025-01-25 13:17:00,11,1.0,0,https://i.redd.it/n9h9domwl6fe1.jpeg,RobertBartus,,,Neutral,0.999672532081604
Epic new Bitcoin ad. They keep getting better ğŸ™Œ. Uhh whoâ€™s gonna tell themâ€¦,btc,1i9t56v,2025-01-25 13:15:29,7,0.82,0,https://v.redd.it/2blk43pq16fe1,Bagmasterflash,,,Neutral,0.9850913882255554
Nearsightedness,Bitcoin,1i9t54k,2025-01-25 13:15:25,2,1.0,2,https://www.reddit.com/r/Bitcoin/comments/1i9t54k/nearsightedness/,Covetoast,,"Why are so many people so nearsighted when it comes to owning Bitcoin? 

I know weâ€™re still early and much more adoption will inevitably happen but the inability of investors to see things far away is really going to, ultimately, damage a lot of peopleâ€™s long term portfolios. 

Sadâ€¦",Negative,0.999752938747406
Dinheiro de uma igreja pode ser investido?,literaciafinanceira,1i9t4l1,2025-01-25 13:14:45,0,0.11,17,https://www.reddit.com/r/literaciafinanceira/comments/1i9t4l1/dinheiro_de_uma_igreja_pode_ser_investido/,Own_Mammoth_9445,Conselho,"Pretendo abrir uma igreja e usar o dinheiro de doaÃ§Ãµes feitas para investir em stocks, ETFs , dividends stocks e bitcoin 

Sei Que igrejas nÃ£o pagam impostos ou pelo menos a generalidade delas. Se eu pegar no dinheiro das doaÃ§Ãµes feitas e investir posso fazer lo ou existe alguma lei que proÃ­ba tal coisa? Visto que o dinheiro estÃ¡ a sair de uma instituiÃ§Ã£o religiosa ela tambÃ©m Ã© sujeita a capital gains tax se eu investir e retirar o dinheiro apÃ³s? 

Obrigado ",Neutral,0.9999383687973022
Please rate my portfolio,WallStreetBetsCrypto,1i9t3z5,2025-01-25 13:14:02,6,0.88,14,https://i.redd.it/03nlv0ldl6fe1.jpeg,PuzzleheadedPie3332,Discussion,What would you swap for me to 10x during the 2025 bullrun (50K)?,Neutral,0.9999005794525146
Phone for sale with TikTok app https://www.ebay.com/usr/gamete_21,TikTokExpert,1i9t3ox,2025-01-25 13:13:37,1,1.0,0,https://www.reddit.com/gallery/1i9t3ox,Foreign_Mud7273,,https://www.ebay.com/usr/gamete_21,Neutral,0.9998291730880737
Which cryptocurrency to invest in? An analysis of my recent experience and some questions for you all.,CryptoHelp,1i9t2rp,2025-01-25 13:12:27,1,1.0,1,https://www.reddit.com/r/CryptoHelp/comments/1i9t2rp/which_cryptocurrency_to_invest_in_an_analysis_of/,ErroneousEncounter,â“Question,"Hi everyone,

Iâ€™m a 36 year old guy. I first heard about bitcoin around 2011. I dabbled in it back then. Created a wallet, bought some bitcoin, (even mined some dogecoin back when it was first starting out lol). Of course I sold my bitcoin far too early and lost access to my dogecoin (I think the website I was mining through took all the money and ran).

Anyway, point is, Iâ€™ve realized that cryptocurrencies are here to stay and I want to know how to invest in cryptocurrency properly, so I started trying to get more involved than just investing in coins on RobinHood.

I recently bought a Ledger device, and along this journey back into crypto, I came to two major realizations.

1. Buying actual coins and storing them in a wallet is risky. Sure, itâ€™s one thing to play around with a few hundred dollars, but putting ten or a hundred thousand dollars on a wallet feels eerily unsafe.

2. Buying, selling and storing coins is not a simple process. Sure itâ€™s not *super* complicated, but I believe the average person with little to no technical knowledge will likely struggle quite a bit, even with companies like Trezor and Ledger walking the user through the process.

Regarding my first concern - your money is likely safe as long as you keep your seed phrase in a safe offline location and never lose it. However, the problem is all of the possible ways your seed phrase could be stolen. Ledger initially said there was no way for them to access your seed phrase, but then later released a feature called recover, which means they did have access to the seed phrase. Aside from the possibility of the company one day getting hacked and leaking your keys, thereâ€™s also the possibility that a keylogger could grab it, or that your hardware wallet could have been tampered with on its way to you. 

This thought process all seems a little paranoid, but becomes less so if you are considering dropping $100,000+ into a bitcoin wallet, which is completely uninsured. If someone manages to steal your money, no one (not even law enforcement) will come to save you.  

After doing some research, I came to the conclusion that the safest way to create a bitcoin wallet is to use an air-gapped hardware wallet with verifiable open source code and a software wallet from a separate company which also has open source code. But even then, without insurance, it still feels a little scary.

Anyway. My point is that these two issues - security and simplicity are preventing the world from adopting and using cryptocurrencies in the long run. 

So my first question is - is there a solution to these problems on the horizon? Because if there isnâ€™t, I donâ€™t see the value of investing.

My second question is - which cryptocurrency is likely to be both the future leader of cryptocurrency payments, and also likely to increase in value over time?

Bitcoin is the leader, but when I send or receive bitcoin using my Ledger, it takes about 10 minutes for the transaction to settle. This makes it impractical for everyday use.

ETH is in 2nd place, it uses a similar technology, is faster, more energy efficient, and is decentralized, but the supply is unlimited, which prevents inflation I guess.. but also limits potential profits.

I think the ideal coin would be exactly like bitcoin, but with a faster transaction time and less energy use, and also a solution to the problems I mentioned above (security and simplicity). And also one that does not involve any â€œgoverning bodyâ€ having any sort of control over it. 

So my question is.. does such a coin exist?",Neutral,0.9991480112075806
Bitcoin ve Kripto Paralarla Ä°lgileniyorsanÄ±z KulaÄŸÄ±nÄ±za KÃ¼pe 8 UyarÄ±,Kriptofoni,1i9t25p,2025-01-25 13:11:42,1,1.0,0,https://www.kriptofoni.com/bitcoin-ve-kripto-paralarla-ilgileniyorsaniz-kulaginiza-kupe-8-uyari/,Kriptofoni,,,Neutral,0.9999232292175293
"A study on ""The Environmental Impact of Bitcoin""",wildlifebiology,1i9t10o,2025-01-25 13:10:22,1,1.0,0,https://www.reddit.com/r/wildlifebiology/comments/1i9t10o/a_study_on_the_environmental_impact_of_bitcoin/,Kamuhy,Graduate school- Masters,"Hello everyone,

For my final dissertation, I am conducting a study on ""The Environmental Impact of Bitcoin"".

This survey will take less than 2min to complete (available in English, FranÃ§ais, and EspaÃ±ol).

Thank you in advance to everyone who takes the time to fill it out.

Every opinion matters!

Have a great day

[https://forms.gle/UokSNR6o5VLgobjg6](https://forms.gle/UokSNR6o5VLgobjg6)



Here is the beginning of my work: [https://metalab.essec.edu/towards-an-assessment-of-the-ecological-impact-of-bitcoin/](https://metalab.essec.edu/towards-an-assessment-of-the-ecological-impact-of-bitcoin/)",Neutral,0.999944806098938
"Should I invest Â£3,000?",Bitcoin,1i9sx5z,2025-01-25 13:05:41,0,0.33,11,https://www.reddit.com/r/Bitcoin/comments/1i9sx5z/should_i_invest_3000/,QuoteNation,,"I've never purchased bitcoin before, but I was thinking of investing Â£3,000 in bitcoin and maybe getting around 30% return in 12 months.

Is that a good idea?",Neutral,0.9992228746414185
BTC investment,Bitcoin,1i9swej,2025-01-25 13:04:48,1,1.0,0,https://www.reddit.com/r/Bitcoin/comments/1i9swej/btc_investment/,KernelBacktoBack,,"Currently a student, I am starting to receive my first income because I work on the side, I would like to invest in BTC every month. I hear about hot and cold wallets, I also see several crypto platforms. I registered on Coinbase and so far I have not made any investments. I try to find out as much as possible. My goal is to invest every month without withdrawing for several years.

Do you have any advice for me for this?",Neutral,0.9996111989021301
How much bitcoin can you purchase on kraken in one time (x-post from /r/Bitcoin),CryptoCurrencyClassic,1i9svwd,2025-01-25 13:04:10,1,1.0,0,https://www.reddit.com/r/Bitcoin/comments/1i9slx9/how_much_bitcoin_can_you_purchase_on_kraken_in/,ASICmachine,,,Neutral,0.9999959468841553
It is ripple trying to undermine the bitcoin reserve? (x-post from /r/Bitcoin),CryptoCurrencyClassic,1i9svw6,2025-01-25 13:04:10,1,1.0,0,https://www.reddit.com/r/Bitcoin/comments/1i9sutx/it_is_ripple_trying_to_undermine_the_bitcoin/,ASICmachine,,,Neutral,0.999488353729248
"""Not just a product - your seamless gateway to Bitcoin's DeFi future.""",velarBTC,1i9suqv,2025-01-25 13:02:52,1,1.0,0,https://v.redd.it/26qoavedj6fe1,Raizel_btc,,"Velar CEO Mithil Thakore outlines how Velar will unite Bitcoin L2s and DeFi products under one roof, making yield generation accessible for everyone from retail to institutions.

Watch to see the future of frictionless Bitcoin DeFi ğŸŒ‰âœ¨",Neutral,0.735625684261322
"A study on ""The Environmental Impact of Bitcoin""",wisconsin,1i9ssc2,2025-01-25 13:00:17,4,1.0,1,https://www.reddit.com/r/wisconsin/comments/1i9ssc2/a_study_on_the_environmental_impact_of_bitcoin/,Kamuhy,,"Hello everyone,

For my final dissertation, I am conducting a study on ""The Environmental Impact of Bitcoin"".

This survey will take less than 2min to complete (available in English, FranÃ§ais, and EspaÃ±ol).

Thank you in advance to everyone who takes the time to fill it out.

Every opinion matters!

Have a great day

[https://forms.gle/UokSNR6o5VLgobjg6](https://forms.gle/UokSNR6o5VLgobjg6)



Here is the beginning of my work: [https://metalab.essec.edu/towards-an-assessment-of-the-ecological-impact-of-bitcoin/](https://metalab.essec.edu/towards-an-assessment-of-the-ecological-impact-of-bitcoin/)",Neutral,0.999944806098938
"A study on ""The Environmental Impact of Bitcoin""",PlantEcology,1i9sq8o,2025-01-25 12:57:44,0,0.5,2,https://www.reddit.com/r/PlantEcology/comments/1i9sq8o/a_study_on_the_environmental_impact_of_bitcoin/,Kamuhy,Research,"Hello everyone,

For my final dissertation, I am conducting a study on ""The Environmental Impact of Bitcoin"".

This survey will take less than 2min to complete (available in English, FranÃ§ais, and EspaÃ±ol).

Thank you in advance to everyone who takes the time to fill it out.

Every opinion matters!

Have a great day

[https://forms.gle/UokSNR6o5VLgobjg6](https://forms.gle/UokSNR6o5VLgobjg6)



Here is the beginning of my work: [https://metalab.essec.edu/towards-an-assessment-of-the-ecological-impact-of-bitcoin/](https://metalab.essec.edu/towards-an-assessment-of-the-ecological-impact-of-bitcoin/)",Neutral,0.999944806098938
Nano Is The Ultimate Green Investment: Nano IS Our Earth's Lifeline!,nanocurrency,1i9spf7,2025-01-25 12:56:43,17,0.87,0,https://www.reddit.com/r/nanocurrency/comments/1i9spf7/nano_is_the_ultimate_green_investment_nano_is_our/,NanoisaFixedSupply,,"We are are in a dire situation. We're living on a ticking time bomb, folks. Climate change, resource depletion, and overshoot (that's when we're using resources faster than they can be replenished) are not just buzzwords; they're stark realities. Every day, we're pushing our planet closer to the edge of multiple tipping points, where recovery might be impossible. We're not talking about a far-off future here; the freight train of ecological collapse is barreling down on us at breakneck speed. Climate crises, mass extinctions, and resource depletion are no longer looming threatsâ€”they're here, now. Traditional financial systems, with their endless money printing, are driving us towards a cliff of no return, accelerating our consumption beyond what Earth can sustain.



The environmental savior is Nano. Imagine a currency that not only doesn't contribute to pollution but actively helps reduce it. That's Nano for you. Hereâ€™s why investing in Nano could be the best and greenest decision you'll ever make:

  
1. Zero Environmental Impact: Unlike Bitcoin, which uses energy-intensive mining, Nano operates on a feeless, instant, and eco-friendly network. Nano's transactions are processed with negligible energy, making it one of the greenest cryptocurrencies out there. By supporting Nano, you're directly reducing the carbon footprint of your financial activities. You are not mining precious rare earth metals out of the ground and contaminating ecosystems. Water supplies are not being poisoned by using Nano.

  
2. Fixed Supply = Fixes Overshoot: Nano's total supply is capped at 133,248,297 coins. This fixed supply mimics the finite nature of our planet's resources. In a world where overshoot is killing our ecosystems, a currency with a limit will force us to reconsider our consumption patterns. It's an economic model that aligns with ecological sustainability, pushing for efficiency and conservation rather than unchecked expansion. It forces us to be responsible and well calculated with our economic decisions. This is a win win. Perfect money ethics will promote ethics on a societal level. You want more Nano? -  you can't just print up more of it, you need to do actually do something valuable for people to earn it. Nano will end the age of financial injustice. With a fixed supply, Nano enforces limits on our economic behavior, mirroring the finite resources of our planet. It's a now-or-never moment to curb overshoot. Without this, we're doomed to consume our way to extinction. 



3. Saving Biodiversity: By fostering an economic system that values sustainability, we can redirect capital towards preserving biodiversity. Each Nano transaction could fund a tree, protect an acre of rainforest, or support initiatives that regenerate ecosystems. Your wealth could directly translate into a healthier planet. The average size of monitored wildlife populations on earth has declined by 73%over the last 50 years! Every Nano transaction could literally save a species, a forest, an ocean. We're talking about immediate action to preserve what's left of Earth's biodiversity. Your investment could be the line between existence and extinction for countless species.



  
Your Role in The Earth: Here's the deal: by investing in Nano, you're not just betting on a cryptocurrency; you're investing in the future of our planet. You're choosing a path where economic decisions are tied to ecological health. Every Ó¾ you hold is a vote for a world where money supports life, not destroys it!  


* Be Part of the Change: By using Nano for everyday transactions, you're pushing for a system where every exchange is a step towards sustainability.
* Educate and Advocate: Share the vision of Nano. The more people understand its potential, the quicker we can shift to a sustainable economic model.
* Invest for Impact: Your investment in Nano is an investment in a sustainable future. It's not just about profit; it's about preserving life on Earth!
* The clock is ticking. Educate everyone around you about Nano's environmental urgency.
* Invest Immediately! Time is of the essence. Your investment in Nano could be what tips the scale towards survival.



The freight train of ecological disaster is upon us, but we have a chance to derail it. Nanocurrency isn't just another cryptocurrency; it's our lifeline to a sustainable future. It's time to make your money count for good, not just your financial portfolio; but in the health of our planet. Nano might just be the key to saving our planet from extinction.",Neutral,0.9997537732124329
"A study on ""The Environmental Impact of Bitcoin""",environmental_science,1i9soql,2025-01-25 12:55:52,6,1.0,0,https://www.reddit.com/r/environmental_science/comments/1i9soql/a_study_on_the_environmental_impact_of_bitcoin/,Kamuhy,,"Hello everyone,

For my final dissertation, I am conducting a study on ""The Environmental Impact of Bitcoin"".

This survey will take less than 2min to complete (available in English, FranÃ§ais, and EspaÃ±ol).

Thank you in advance to everyone who takes the time to fill it out.

Every opinion matters!

Have a great day

[https://forms.gle/UokSNR6o5VLgobjg6](https://forms.gle/UokSNR6o5VLgobjg6)



Here is the beginning of my work: [https://metalab.essec.edu/towards-an-assessment-of-the-ecological-impact-of-bitcoin/](https://metalab.essec.edu/towards-an-assessment-of-the-ecological-impact-of-bitcoin/)",Neutral,0.999944806098938
"If you want to buy the new Braiins mini miner BMM-101 for easy Bitcoin mining over WiFi and super cool screen, use our link or simply code VOSKCOIN to save a whopping 10%! Best coupon code for Braiins! https://voskco.in/braiinscoupon",VoskCoin,1i9snov,2025-01-25 12:54:30,1,1.0,0,https://i.redd.it/hd4gwj3wh6fe1.jpeg,VoskCoin,,,Neutral,0.9992722868919373
"A study on ""The Environmental Impact of Bitcoin""",ecologyUK,1i9smd1,2025-01-25 12:52:52,1,1.0,0,https://www.reddit.com/r/ecologyUK/comments/1i9smd1/a_study_on_the_environmental_impact_of_bitcoin/,Kamuhy,,"Hello everyone,

For my final dissertation, I am conducting a study on ""The Environmental Impact of Bitcoin"".

This survey will take less than 2min to complete (available in English, FranÃ§ais, and EspaÃ±ol).

Thank you in advance to everyone who takes the time to fill it out.

Every opinion matters!

Have a great day

[https://forms.gle/UokSNR6o5VLgobjg6](https://forms.gle/UokSNR6o5VLgobjg6)



Here is the beginning of my work: [https://metalab.essec.edu/towards-an-assessment-of-the-ecological-impact-of-bitcoin/](https://metalab.essec.edu/towards-an-assessment-of-the-ecological-impact-of-bitcoin/)",Neutral,0.999944806098938
"A study on ""The Environmental Impact of Bitcoin""",ecologyUK,1i9smcr,2025-01-25 12:52:52,1,1.0,0,https://www.reddit.com/r/ecologyUK/comments/1i9smcr/a_study_on_the_environmental_impact_of_bitcoin/,Kamuhy,,"Hello everyone,

For my final dissertation, I am conducting a study on ""The Environmental Impact of Bitcoin"".

This survey will take less than 2min to complete (available in English, FranÃ§ais, and EspaÃ±ol).

Thank you in advance to everyone who takes the time to fill it out.

Every opinion matters!

Have a great day

[https://forms.gle/UokSNR6o5VLgobjg6](https://forms.gle/UokSNR6o5VLgobjg6)



Here is the beginning of my work: [https://metalab.essec.edu/towards-an-assessment-of-the-ecological-impact-of-bitcoin/](https://metalab.essec.edu/towards-an-assessment-of-the-ecological-impact-of-bitcoin/)",Neutral,0.999944806098938
"A study on ""The Environmental Impact of Bitcoin""",FreshwaterEcology,1i9sk64,2025-01-25 12:50:12,1,0.67,0,https://www.reddit.com/r/FreshwaterEcology/comments/1i9sk64/a_study_on_the_environmental_impact_of_bitcoin/,Kamuhy,,"Hello everyone,

For my final dissertation, I am conducting a study on ""The Environmental Impact of Bitcoin"".

This survey will take less than 2min to complete (available in English, FranÃ§ais, and EspaÃ±ol).

Thank you in advance to everyone who takes the time to fill it out.

Every opinion matters!

Have a great day

[https://forms.gle/UokSNR6o5VLgobjg6](https://forms.gle/UokSNR6o5VLgobjg6)



Here is the beginning of my work: [https://metalab.essec.edu/towards-an-assessment-of-the-ecological-impact-of-bitcoin/](https://metalab.essec.edu/towards-an-assessment-of-the-ecological-impact-of-bitcoin/)",Neutral,0.999944806098938
"A study on ""The Environmental Impact of Bitcoin""",OpenSourceEcology,1i9sjdo,2025-01-25 12:49:13,2,1.0,0,https://www.reddit.com/r/OpenSourceEcology/comments/1i9sjdo/a_study_on_the_environmental_impact_of_bitcoin/,Kamuhy,,"Hello everyone,

For my final dissertation, I am conducting a study on ""The Environmental Impact of Bitcoin"".

This survey will take less than 2min to complete (available in English, FranÃ§ais, and EspaÃ±ol).

Thank you in advance to everyone who takes the time to fill it out.

Every opinion matters!

Have a great day

[https://forms.gle/UokSNR6o5VLgobjg6](https://forms.gle/UokSNR6o5VLgobjg6)



Here is the beginning of my work: [https://metalab.essec.edu/towards-an-assessment-of-the-ecological-impact-of-bitcoin/](https://metalab.essec.edu/towards-an-assessment-of-the-ecological-impact-of-bitcoin/)",Neutral,0.999944806098938
why its not safe to swap in ledger ?,ledgerwallet,1i9si6m,2025-01-25 12:47:45,2,1.0,4,https://www.reddit.com/r/ledgerwallet/comments/1i9si6m/why_its_not_safe_to_swap_in_ledger/,Hellstorage,Discussion,my  friend swap 5k bitcoin for usdt his bitcoin is gone and usdt did not arrive and ledger says its not thier responsibility. how you provide service on your platform but its not your responsibility people trust your platform usually not the service. its also same with the staking how does that work i want to understand so ledger  is only good for storage and nothing else ?,Neutral,0.9549180269241333
"A study on ""The Environmental Impact of Bitcoin""",Restoration_Ecology,1i9shmb,2025-01-25 12:47:06,3,1.0,3,https://www.reddit.com/r/Restoration_Ecology/comments/1i9shmb/a_study_on_the_environmental_impact_of_bitcoin/,Kamuhy,,"Hello everyone,

For my final dissertation, I am conducting a study on ""The Environmental Impact of Bitcoin"".

This survey will take less than 2min to complete (available in English, FranÃ§ais, and EspaÃ±ol).

Thank you in advance to everyone who takes the time to fill it out.

Every opinion matters!

Have a great day

[https://forms.gle/UokSNR6o5VLgobjg6](https://forms.gle/UokSNR6o5VLgobjg6)



Here is the beginning of my work: [https://metalab.essec.edu/towards-an-assessment-of-the-ecological-impact-of-bitcoin/](https://metalab.essec.edu/towards-an-assessment-of-the-ecological-impact-of-bitcoin/)",Neutral,0.999944806098938
Live free or die,newhampshire,1i9sg2q,2025-01-25 12:45:15,0,0.07,4,https://www.reddit.com/r/newhampshire/comments/1i9sg2q/live_free_or_die/,Illustrious_Stand319,,"I am Brazilian, libertarian, Bitcoin maxi 

Will new Hampshire be the First state creating the State Bitcoin Reserve?

",Neutral,0.9998751878738403
[Discussion] What would you take with your Prestige and why?,EscapefromTarkov,1i9seuj,2025-01-25 12:43:47,0,0.5,9,https://www.reddit.com/r/EscapefromTarkov/comments/1i9seuj/discussion_what_would_you_take_with_your_prestige/,Lord_Hanni,Game Update - PVE & PVP,"I was thinking what I would take when going Prestige. Maybe only bitcoins? Salewas? Why are all people taking sample stims? In my oppinion, there's nothing really important behind samples or is it?",Neutral,0.9999533891677856
"ğŸ“ˆ Bitcoin dominance climbs past 57%, echoing 2020's cycle. Back then, dominance peaked at 72% before BTC doubled its prior ATH to ~$40K, signaling a shift to riskier assets. Will history repeat, or is this rally running out of steam? Keep an eye on dominance trends. Thoughts?",WhiteRhinoM,1i9sepf,2025-01-25 12:43:37,2,1.0,0,https://www.reddit.com/gallery/1i9sepf,MrsSOsbourne,market ,,Neutral,0.6554359197616577
TrendyScreen vs. IPTVGREAT: The 2024 IPTV Battle â€“ Which is the Best IPTV Service Provider?,comunidadespanol,1i9sekk,2025-01-25 12:43:27,1,1.0,0,https://www.reddit.com/r/comunidadespanol/comments/1i9sekk/trendyscreen_vs_iptvgreat_the_2024_iptv_battle/,AutoModerator,,"*Discover the Ultimate IPTV Subscription for Mainstream Entertainment or Global Content*

In 2024,Â **TrendyScreen**Â andÂ [**IPTVGREAT**](https://iptvgreat.xyz/)Â are top contenders in theÂ **best IPTV services**Â arena. Whether youâ€™re a casual viewer or a sports fanatic, this head-to-head comparison reveals whichÂ **IPTV service provider**Â delivers unmatched value, quality, and variety.

# 1. Content Library: Mainstream Appeal vs. Global Dominance

|**TrendyScreen**Â ğŸ¥|[**IPTVGREAT**](https://iptvgreat.xyz/)Â ğŸŒ|
|:-|:-|
|**20,000+ live channels**Â Â **mainstream networks**Â â€“ Focus on (Netflix-style originals, HBO, Disney+).|**50,000+ live channels**Â Â **global content**Â â€“ Emphasis on (Bollywood, Arabic, European) and live sports.|
|**60,000+ VOD titles**Â â€“ Trending movies, binge-worthy series, and family-friendly shows.|**120,000+ VODs**Â â€“ Massive library with daily updates, including 4K movies and sports replays.|
|**Limited sports coverage**Â â€“ Basic access to regional leagues.|**PPV supremacy**Â â€“ Zero delays for UFC, NBA, NFL, and global soccer leagues.|

**Verdict**:

* **TrendyScreen**Â =Â **Mainstream entertainment**Â for casual viewers.
* [**IPTVGREAT**](https://iptvgreat.xyz/)Â =Â **Global powerhouse**Â for sports and multicultural content.

# 2. Streaming Quality: HD Clarity vs. 4K Reliability

|**TrendyScreen**Â ğŸ¥|[**IPTVGREAT**](https://iptvgreat.xyz/)Â ğŸŒ|
|:-|:-|
|**HD/4K streaming**Â â€“ Stable at 20 Mbps, but buffers during peak hours.|**Anti-freeze tech**Â â€“ Lag-free 4K streaming at 15 Mbps, even for live sports.|
|**Single-screen streaming**Â â€“ Limited to 1â€“2 devices.|**Multi-view feature**Â â€“ Watch 4 streams at once (perfect for sports marathons).|
|**Basic EPG**Â â€“ Simple menus with minimal customization.|**Advanced EPG**Â â€“ Real-time updates and personalized recommendations.|

**Why It Matters**:

* **TrendyScreen**Â =Â **Solid for everyday viewing**.
* [**IPTVGREAT**](https://iptvgreat.xyz/)Â =Â **Unbeatable for 4K and live events**.

# 3. Pricing & Plans: Budget vs. Premium Value

|**TrendyScreen**Â ğŸ¥|[**IPTVGREAT**](https://iptvgreat.xyz/)Â ğŸŒ|
|:-|:-|
|**$11.99/month**Â â€“ Affordable for mainstream content lovers.|**$15/month**Â â€“ Includes PPV access, multi-screen streaming, and global channels.|
|**No free trial**Â â€“ Pay upfront, cancel anytime.|**24-hour trial**Â â€“ Test all features risk-free.|
|**Credit/debit only**Â â€“ Limited payment flexibility.|**Bitcoin payments**Â â€“ Privacy-first subscriptions.|

**Value Breakdown**:

* **TrendyScreen**Â =Â **Budget pick**Â for casual streamers.
* [**IPTVGREAT**](https://iptvgreat.xyz/)Â =Â **Premium features**Â for the price of a Netflix subscription.

# 4. Device Compatibility: Universal vs. Optimized

|**TrendyScreen**Â ğŸ¥|[**IPTVGREAT**](https://iptvgreat.xyz/)Â ğŸŒ|
|:-|:-|
|**Works everywhere**Â â€“ Firestick, Android, iOS, Smart TVs.|**Sports-optimized apps**Â â€“ Dedicated apps for Firestick and Android TV.|
|**Outdated interface**Â â€“ Clunky menus but easy navigation.|**Sleek UI**Â â€“ Intuitive design with voice-command support.|
|**2-device limit**Â â€“ Restrictive for families.|**5 simultaneous streams**Â â€“ Share with friends or household.|

**User Feedback**:

* *â€œTrendyScreen is great for movies, but donâ€™t expect premium sports.â€*Â â€“ Reddit user.
* *â€œ*[*IPTVGREAT*](https://iptvgreat.xyz/)Â *is the*Â ***best IPTV provider***Â *for live games and global content!â€*Â â€“ Trustpilot review.

# 5. Legal Standing & Support

|**TrendyScreen**Â ğŸ¥|[**IPTVGREAT**](https://iptvgreat.xyz/)Â ğŸŒ|
|:-|:-|
|**Gray-area licensing**Â â€“ Use a VPN to avoid geo-blocks.|**Unverified operations**Â â€“ Higher shutdown risk; VPN mandatory.|
|**Email-only support**Â â€“ Slow responses (24+ hours).|**24/7 live chat**Â â€“ Instant help during outages or setup.|

# Final Verdict

* **Choose TrendyScreen if**: âœ… You wantÂ **affordable, mainstream content**Â under $12/month. âœ… Sports and global channels arenâ€™t priorities.
* **Choose**Â [**IPTVGREAT**](https://iptvgreat.xyz/)Â **if**: âœ… You needÂ **50,000+ channels**, 4K sports, and global variety. âœ… Youâ€™re willing to pay slightly more forÂ **premium reliability**.

# Top 2024 Alternatives

1. [**IPTVFOLLOW**](https://iptvfollow.com/)Â â€“ Best for niche genres and global streams.
2. **Kemo IPTV**Â â€“ Budget-friendly with 150K+ VODs.
3. **XtremeHD IPTV**Â â€“ Lag-free tech for buffer-haters.

**Bottom Line**:Â **TrendyScreen**Â is ideal forÂ **casual viewers**, whileÂ [**IPTVGREAT**](https://iptvgreat.xyz/)Â dominates as theÂ **best IPTV service provider**Â for sports and global content. Always use a VPN and test trials before committing! ğŸ”’ğŸ“º

*Discover the Ultimate IPTV Subscription for Mainstream Entertainment or Global Content*

In 2024,Â **TrendyScreen**Â andÂ [**IPTVGREAT**](https://iptvgreat.xyz/)Â are top contenders in theÂ **best IPTV services**Â arena. Whether youâ€™re a casual viewer or a sports fanatic, this head-to-head comparison reveals whichÂ **IPTV service provider**Â delivers unmatched value, quality, and variety.

# 1. Content Library: Mainstream Appeal vs. Global Dominance

|**TrendyScreen**Â ğŸ¥|[**IPTVGREAT**](https://iptvgreat.xyz/)Â ğŸŒ|
|:-|:-|
|**20,000+ live channels**Â Â **mainstream networks**Â â€“ Focus on (Netflix-style originals, HBO, Disney+).|**50,000+ live channels**Â Â **global content**Â â€“ Emphasis on (Bollywood, Arabic, European) and live sports.|
|**60,000+ VOD titles**Â â€“ Trending movies, binge-worthy series, and family-friendly shows.|**120,000+ VODs**Â â€“ Massive library with daily updates, including 4K movies and sports replays.|
|**Limited sports coverage**Â â€“ Basic access to regional leagues.|**PPV supremacy**Â â€“ Zero delays for UFC, NBA, NFL, and global soccer leagues.|

**Verdict**:

* **TrendyScreen**Â =Â **Mainstream entertainment**Â for casual viewers.
* [**IPTVGREAT**](https://iptvgreat.xyz/)Â =Â **Global powerhouse**Â for sports and multicultural content.

# 2. Streaming Quality: HD Clarity vs. 4K Reliability

|**TrendyScreen**Â ğŸ¥|[**IPTVGREAT**](https://iptvgreat.xyz/)Â ğŸŒ|
|:-|:-|
|**HD/4K streaming**Â â€“ Stable at 20 Mbps, but buffers during peak hours.|**Anti-freeze tech**Â â€“ Lag-free 4K streaming at 15 Mbps, even for live sports.|
|**Single-screen streaming**Â â€“ Limited to 1â€“2 devices.|**Multi-view feature**Â â€“ Watch 4 streams at once (perfect for sports marathons).|
|**Basic EPG**Â â€“ Simple menus with minimal customization.|**Advanced EPG**Â â€“ Real-time updates and personalized recommendations.|

**Why It Matters**:

* **TrendyScreen**Â =Â **Solid for everyday viewing**.
* [**IPTVGREAT**](https://iptvgreat.xyz/)Â =Â **Unbeatable for 4K and live events**.

# 3. Pricing & Plans: Budget vs. Premium Value

|**TrendyScreen**Â ğŸ¥|[**IPTVGREAT**](https://iptvgreat.xyz/)Â ğŸŒ|
|:-|:-|
|**$11.99/month**Â â€“ Affordable for mainstream content lovers.|**$15/month**Â â€“ Includes PPV access, multi-screen streaming, and global channels.|
|**No free trial**Â â€“ Pay upfront, cancel anytime.|**24-hour trial**Â â€“ Test all features risk-free.|
|**Credit/debit only**Â â€“ Limited payment flexibility.|**Bitcoin payments**Â â€“ Privacy-first subscriptions.|

**Value Breakdown**:

* **TrendyScreen**Â =Â **Budget pick**Â for casual streamers.
* [**IPTVGREAT**](https://iptvgreat.xyz/)Â =Â **Premium features**Â for the price of a Netflix subscription.

# 4. Device Compatibility: Universal vs. Optimized

|**TrendyScreen**Â ğŸ¥|[**IPTVGREAT**](https://iptvgreat.xyz/)Â ğŸŒ|
|:-|:-|
|**Works everywhere**Â â€“ Firestick, Android, iOS, Smart TVs.|**Sports-optimized apps**Â â€“ Dedicated apps for Firestick and Android TV.|
|**Outdated interface**Â â€“ Clunky menus but easy navigation.|**Sleek UI**Â â€“ Intuitive design with voice-command support.|
|**2-device limit**Â â€“ Restrictive for families.|**5 simultaneous streams**Â â€“ Share with friends or household.|

**User Feedback**:

* *â€œTrendyScreen is great for movies, but donâ€™t expect premium sports.â€*Â â€“ Reddit user.
* *â€œ*[*IPTVGREAT*](https://iptvgreat.xyz/)Â *is the*Â ***best IPTV provider***Â *for live games and global content!â€*Â â€“ Trustpilot review.

# 5. Legal Standing & Support

|**TrendyScreen**Â ğŸ¥|[**IPTVGREAT**](https://iptvgreat.xyz/)Â ğŸŒ|
|:-|:-|
|**Gray-area licensing**Â â€“ Use a VPN to avoid geo-blocks.|**Unverified operations**Â â€“ Higher shutdown risk; VPN mandatory.|
|**Email-only support**Â â€“ Slow responses (24+ hours).|**24/7 live chat**Â â€“ Instant help during outages or setup.|

# Final Verdict

* **Choose TrendyScreen if**: âœ… You wantÂ **affordable, mainstream content**Â under $12/month. âœ… Sports and global channels arenâ€™t priorities.
* **Choose**Â [**IPTVGREAT**](https://iptvgreat.xyz/)Â **if**: âœ… You needÂ **50,000+ channels**, 4K sports, and global variety. âœ… Youâ€™re willing to pay slightly more forÂ **premium reliability**.

# Top 2024 Alternatives

1. [**IPTVFOLLOW**](https://iptvfollow.com/)Â â€“ Best for niche genres and global streams.
2. **Kemo IPTV**Â â€“ Budget-friendly with 150K+ VODs.
3. **XtremeHD IPTV**Â â€“ Lag-free tech for buffer-haters.

**Bottom Line**:Â **TrendyScreen**Â is ideal forÂ **casual viewers**, whileÂ [**IPTVGREAT**](https://iptvgreat.xyz/)Â dominates as theÂ **best IPTV service provider**Â for sports and global content. Always use a VPN and test trials before committing! ğŸ”’ğŸ“º

*Discover the Ultimate IPTV Subscription for Mainstream Entertainment or Global Content*

In 2024,Â **TrendyScreen**Â andÂ [**IPTVGREAT**](https://iptvgreat.xyz/)Â are top contenders in theÂ **best IPTV services**Â arena. Whether youâ€™re a casual viewer or a sports fanatic, this head-to-head comparison reveals whichÂ **IPTV service provider**Â delivers unmatched value, quality, and variety.

# 1. Content Library: Mainstream Appeal vs. Global Dominance

|**TrendyScreen**Â ğŸ¥|[**IPTVGREAT**](https://iptvgreat.xyz/)Â ğŸŒ|
|:-|:-|
|**20,000+ live channels**Â Â **mainstream networks**Â â€“ Focus on (Netflix-style originals, HBO, Disney+).|**50,000+ live channels**Â Â **global content**Â â€“ Emphasis on (Bollywood, Arabic, European) and live sports.|
|**60,000+ VOD titles**Â â€“ Trending movies, binge-worthy series, and family-friendly shows.|**120,000+ VODs**Â â€“ Massive library with daily updates, including 4K movies and sports replays.|
|**Limited sports coverage**Â â€“ Basic access to regional leagues.|**PPV supremacy**Â â€“ Zero delays for UFC, NBA, NFL, and global soccer leagues.|

**Verdict**:

* **TrendyScreen**Â =Â **Mainstream entertainment**Â for casual viewers.
* [**IPTVGREAT**](https://iptvgreat.xyz/)Â =Â **Global powerhouse**Â for sports and multicultural content.

# 2. Streaming Quality: HD Clarity vs. 4K Reliability

|**TrendyScreen**Â ğŸ¥|[**IPTVGREAT**](https://iptvgreat.xyz/)Â ğŸŒ|
|:-|:-|
|**HD/4K streaming**Â â€“ Stable at 20 Mbps, but buffers during peak hours.|**Anti-freeze tech**Â â€“ Lag-free 4K streaming at 15 Mbps, even for live sports.|
|**Single-screen streaming**Â â€“ Limited to 1â€“2 devices.|**Multi-view feature**Â â€“ Watch 4 streams at once (perfect for sports marathons).|
|**Basic EPG**Â â€“ Simple menus with minimal customization.|**Advanced EPG**Â â€“ Real-time updates and personalized recommendations.|

**Why It Matters**:

* **TrendyScreen**Â =Â **Solid for everyday viewing**.
* [**IPTVGREAT**](https://iptvgreat.xyz/)Â =Â **Unbeatable for 4K and live events**.

# 3. Pricing & Plans: Budget vs. Premium Value

|**TrendyScreen**Â ğŸ¥|[**IPTVGREAT**](https://iptvgreat.xyz/)Â ğŸŒ|
|:-|:-|
|**$11.99/month**Â â€“ Affordable for mainstream content lovers.|**$15/month**Â â€“ Includes PPV access, multi-screen streaming, and global channels.|
|**No free trial**Â â€“ Pay upfront, cancel anytime.|**24-hour trial**Â â€“ Test all features risk-free.|
|**Credit/debit only**Â â€“ Limited payment flexibility.|**Bitcoin payments**Â â€“ Privacy-first subscriptions.|

**Value Breakdown**:

* **TrendyScreen**Â =Â **Budget pick**Â for casual streamers.
* [**IPTVGREAT**](https://iptvgreat.xyz/)Â =Â **Premium features**Â for the price of a Netflix subscription.

# 4. Device Compatibility: Universal vs. Optimized

|**TrendyScreen**Â ğŸ¥|[**IPTVGREAT**](https://iptvgreat.xyz/)Â ğŸŒ|
|:-|:-|
|**Works everywhere**Â â€“ Firestick, Android, iOS, Smart TVs.|**Sports-optimized apps**Â â€“ Dedicated apps for Firestick and Android TV.|
|**Outdated interface**Â â€“ Clunky menus but easy navigation.|**Sleek UI**Â â€“ Intuitive design with voice-command support.|
|**2-device limit**Â â€“ Restrictive for families.|**5 simultaneous streams**Â â€“ Share with friends or household.|

**User Feedback**:

* *â€œTrendyScreen is great for movies, but donâ€™t expect premium sports.â€*Â â€“ Reddit user.
* *â€œ*[*IPTVGREAT*](https://iptvgreat.xyz/)Â *is the*Â ***best IPTV provider***Â *for live games and global content!â€*Â â€“ Trustpilot review.

# 5. Legal Standing & Support

|**TrendyScreen**Â ğŸ¥|[**IPTVGREAT**](https://iptvgreat.xyz/)Â ğŸŒ|
|:-|:-|
|**Gray-area licensing**Â â€“ Use a VPN to avoid geo-blocks.|**Unverified operations**Â â€“ Higher shutdown risk; VPN mandatory.|
|**Email-only support**Â â€“ Slow responses (24+ hours).|**24/7 live chat**Â â€“ Instant help during outages or setup.|

# Final Verdict

* **Choose TrendyScreen if**: âœ… You wantÂ **affordable, mainstream content**Â under $12/month. âœ… Sports and global channels arenâ€™t priorities.
* **Choose**Â [**IPTVGREAT**](https://iptvgreat.xyz/)Â **if**: âœ… You needÂ **50,000+ channels**, 4K sports, and global variety. âœ… Youâ€™re willing to pay slightly more forÂ **premium reliability**.

# Top 2024 Alternatives

1. [**IPTVFOLLOW**](https://iptvfollow.com/)Â â€“ Best for niche genres and global streams.
2. **Kemo IPTV**Â â€“ Budget-friendly with 150K+ VODs.
3. **XtremeHD IPTV**Â â€“ Lag-free tech for buffer-haters.

**Bottom Line**:Â **TrendyScreen**Â is ideal forÂ **casual viewers**, whileÂ [**IPTVGREAT**](https://iptvgreat.xyz/)Â dominates as theÂ **best IPTV service provider**Â for sports and global content. Always use a VPN and test trials before committing! ğŸ”’ğŸ“º",Neutral,0.720227837562561
Will I break any terms and conditions if I send some Bitcoin as a gift to an external wallet?,shakepay,1i9scjj,2025-01-25 12:40:56,1,0.67,3,https://www.reddit.com/r/shakepay/comments/1i9scjj/will_i_break_any_terms_and_conditions_if_i_send/,PaulieWoz,,"I'm planning on setting up a Bitcoin wallet for my future Godson and starting him out with some Bitcoin as a gift. I'm not near my ledger so I was thinking of sending directly from my shakepay account. I just don't want to breaker and rules and have my account closed.

",Neutral,0.9999688863754272
$YOI AI Crypto Signals ğŸ“Š,draqai,1i9scij,2025-01-25 12:40:54,1,1.0,0,https://www.reddit.com/r/draqai/comments/1i9scij/yoi_ai_crypto_signals/,MammothBattle33,,"ğŸ”¥ Crypto babes and memecoin maniacs, listen up! $MAG7.ssi just pulled a boss move, ranking #3 in 1-hour trading volume on @Uniswap @Base, right behind $ETH and $USDC. Talk about leveling up the DeFi game! ğŸš€  

And OMG, did you see that juicy yield boost? Stake $SSI now and ride those sweet market waves with an APY up to 3158.49%. Are we dreaming, or is this DeFi royalty right here? ğŸ‘‘ Let's keep this momentum alive and build an empire, one trade at a time.  

The future isnâ€™t comingâ€¦ itâ€™s here, babe. Embrace the grind and stake your claim. Whoâ€™s with me? ğŸ’°ğŸ”¥  

#DeFi #MAG7ssi #SSI #crypto #Ethereum #memecoin #bitcoin #solana #cryptocurrency  

ğŸš¨ Do not forget $YOI launching on 5th of February 2025, around 12 PM UTC. 


 Follow Me:  


 https://x.com/YOIdraq 


https://x.com/draqai",Neutral,0.99996018409729
S1 Saturday,Currencytradingcards,1i9sbql,2025-01-25 12:39:58,14,1.0,9,https://www.reddit.com/gallery/1i9sbql,Sensitive_Class_4133,Collection Show-off âœ¨,,Neutral,0.9999202489852905
"In the Peruvian Andes, the village of Quebrada Verde is building a Bitcoin circular economy. With limited access to banks, residents are using Bitcoin as a way to save, trade, and participate in the global economy.",InBitcoinWeTrust,1i9sawd,2025-01-25 12:38:55,3,1.0,0,https://v.redd.it/5t6jpqh3f6fe1,sylsau,Bitcoin,,Neutral,0.9999847412109375
Ledger Co-Founder Freed After Being Kidnapped and Held for Crypto Ransom: Reports,bitfate,1i9sagk,2025-01-25 12:38:22,1,1.0,0,https://www.reddit.com/r/bitfate/comments/1i9sagk/ledger_cofounder_freed_after_being_kidnapped_and/,MammothBattle33,,"ğŸš¨Just IN: French Authorities Foil Crypto Ransom Scheme, Free Ledger Co-Founder

In a dramatic turn of events, French authorities successfully rescued David Balland, the co-founder of the renowned crypto hardware wallet company Ledger, after he was kidnapped from his home in central France. The incident unfolded early Tuesday morning when Balland and his partner were abducted, sparking a high-stakes police operation.

The kidnappers, in a chilling move, demanded a substantial ransom in cryptocurrency, highlighting the growing trend of crypto-related crimes. However, their plan was thwarted by the swift and coordinated efforts of French law enforcement, including the elite GIGN tactical unit. Part of the ransom was paid as part of negotiations, but most of the crypto assets were traced, frozen, and seized by the authorities.

Balland endured physical abuse during his captivity, including a hand mutilation, while his partner was found tied up in a car. The rescue operation culminated in the arrest of 10 suspects, nine men and one woman, most of whom were known to police for past criminal activities.

This incident underscores the vulnerabilities faced by high-profile individuals in the crypto sector and the need for enhanced security measures. Ledger, known for its innovative hardware wallets, has been a target due to its significant role in the crypto industry.

As the crypto world continues to evolve, this case serves as a wake-up call for prioritizing personal security alongside technological innovation. The crypto community must grapple with the risks inherent in this space and work towards stronger safeguards to protect its key players.

#crypto #bitcoin #cryptocurrency #Ledger #security #ransom

âš ï¸ Disclaimer: This analysis is for informational purposes only and should not be considered financial or investment advice.",Neutral,0.9994609951972961
"A study on ""The Environmental Impact of Bitcoin""",ecology,1i9s8pg,2025-01-25 12:36:12,3,1.0,0,https://www.reddit.com/r/ecology/comments/1i9s8pg/a_study_on_the_environmental_impact_of_bitcoin/,Kamuhy,,"Hello everyone,

For my final dissertation, I am conducting a study on ""The Environmental Impact of Bitcoin"".

This survey will take less than 2min to complete (available in English, FranÃ§ais, and EspaÃ±ol).

Thank you in advance to everyone who takes the time to fill it out.

Every opinion matters!

Have a great day

[https://forms.gle/UokSNR6o5VLgobjg6](https://forms.gle/UokSNR6o5VLgobjg6)



Here is the beginning of my work: [https://metalab.essec.edu/towards-an-assessment-of-the-ecological-impact-of-bitcoin/](https://metalab.essec.edu/towards-an-assessment-of-the-ecological-impact-of-bitcoin/)",Neutral,0.999944806098938
Next steps for our Sloth,Slothana,1i9s6x8,2025-01-25 12:34:05,17,1.0,18,https://www.reddit.com/r/Slothana/comments/1i9s6x8/next_steps_for_our_sloth/,i-Likesloth,,"Hello Community, I'm a silent reader so far but have been with Slothana since the presale. I think our community is great and Sloth a huge opportunity. I am always impressed by individuals who not only have ideas but also implement them straight away. Then there are others who constantly call for the developers and are annoyed that they don't want to appear. 
Have you also thought about the fact that the developers might never show themelves? It's a long shot but Bitcoin works without its developers...
Now to the actual topic - the reason why I'm writing this:
I know how software development works and have already implemented numerous platforms as a project manager. However, just imagine we are developing a concept for a joint E-Commerce platform or exchange that enables us to offer exclusive products (could be a service, art, tickets, VIP club memberships, software etc.). I know that there are already many creative people in our community who could contribute to this. The only accepted payment method would be SLOTH. Let's define the value of SLOTH together as a community. The focus would of course be on user friendliness, reliability, transparency and establishing SLOTH as a object of exchange. Help users to acquire SLOTH by offering a simple onboarding solution (can be done through a partnership with crypto exchanges or by integrating a function that allows users to by SLOTH directly on the platform etc.).
I believe that we as a community can really implement this without the developers. 
What do you think, are we as a community able to implement such a project and create a need that can only be met by using SLOTH?
I look forward to your input.",Neutral,0.9976215958595276
Epic new Bitcoin ad. They keep getting better ğŸ™Œ,u_twd4f1,1i9s56i,2025-01-25 12:32:01,1,1.0,0,https://v.redd.it/2blk43pq16fe1,twd4f1,,,Positive,0.9996309280395508
Walter Ulbricht - First Secretary of the Socialist Unity Party,Buttcoin,1i9s4m5,2025-01-25 12:31:18,0,0.3,7,https://www.reddit.com/r/Buttcoin/comments/1i9s4m5/walter_ulbricht_first_secretary_of_the_socialist/,ADAMANT1001,,"Multiple possible reasons for my post getting instantly deleted in /bitcoin but ya know, just posting in this sub as my 2nd option. I thought cross-posting would be bad (just a hunch) so that wasn't my original plan. This sub will actually appreciate it I think. I didn't find anything about this connection yet but maybe not a crazy intensive search. Thought it was really interesting that this dude shares the same last name as Ross. 

Go look at the article for Walter. and then the Wikipedia article for New Economic System, which is linked there. 

I had wiki links in my post on /bitcoin and also posted a btc address hoping they would maybe send me some for doing research on their little project lol. Probably a no-go on all of /r/ ? To be honest I'm skeptical about almost everything and have had my temptations to mess around in the space but have never owned any.  
Lately I see what's happening now (and has been for years) is the idea of making money is being sold. It's worse than MLM in many ways. And MLM is awful. I know someone who is telling people to buy as much as they can and it's so cheesy and basement mlm scheme like. Like selling you a ""job"" which turns out to not be a job. Similar to bartending school or kirby vaccums, doterra, Mary Kay, Amway, etc. Have a fun Saturday everyone!",Neutral,0.9998608827590942
Murio Bitrefill y la felicidad del dolar crypto?,ArgamingConsultas,1i9s29y,2025-01-25 12:28:39,0,0.25,1,https://www.reddit.com/r/ArgamingConsultas/comments/1i9s29y/murio_bitrefill_y_la_felicidad_del_dolar_crypto/,GinoChingon,,"https://preview.redd.it/7cwl0tc9d6fe1.png?width=1297&format=png&auto=webp&s=2b3c0bf840362ca7eb4aed3063ce3f51e4cab660

Me ha pasado antes que me apareciese que no tenÃ­an stock. Pero ahora por primera vez me aparece que no esta disponible en mi area. Alguien tiene idea que paso por aca?",Neutral,0.9997625946998596
Becoming a Bitcoin Wizard: The Magical World of Our Bitcoin QR Code API,BitcoinQR,1i9s0cx,2025-01-25 12:26:19,1,1.0,0,https://www.reddit.com/r/BitcoinQR/comments/1i9s0cx/becoming_a_bitcoin_wizard_the_magical_world_of/,SelectionOptimal7348,,"[bitcoinqrcodemaker.com](https://preview.redd.it/5e1874ntc6fe1.jpg?width=1024&format=pjpg&auto=webp&s=a2c54bc07371e9e7bc9819eab6604be45b2f95c4)

So, you want to be a Bitcoin wizard, do you? Donning the digital robes, waving your enchanted private keys, and conjuring payments out of thin air? Well, gather â€˜round, for Iâ€™m about to show you the mystical path to Bitcoin mastery. All you need is a little courage, a touch of curiosity, and the ultimate spellbook: our [Bitcoin QR Code Maker API](https://www.bitcoinqrcodemaker.com/bitcoin-qr-code-maker-api-and-widgets/). Letâ€™s begin.

# Lesson 1: The Call to Crypto Adventure

Every wizardâ€™s journey begins with a sparkâ€”a sudden realization that the fiat system is, well, as magical as a soggy wand. The Bitcoin network offers something better: decentralization, transparency, and a community of like-minded sorcerers (okay, maybe we call them developers, traders, and miners).

But hereâ€™s the catchâ€”cryptocurrency isnâ€™t for the faint-hearted. Itâ€™s a world where digital alchemy turns trust into transactions and where QR codes are your enchanted runes. Thatâ€™s where the Bitcoin QR Code API comes in. Itâ€™s your staff of power, allowing you to wield the blockchain with grace, efficiency, and a flair for the dramatic.

# Lesson 2: Mastering the QR Code Spell

Whatâ€™s a Bitcoin wizard without a spell? In our case, the spell is the QR codeâ€”a deceptively simple black-and-white matrix that can carry the weight of a thousand satoshis. These magical glyphs are your gateway to seamless transactions, enabling anyone with a smartphone to scan and pay faster than you can say â€œHocus Pocus.â€

Our [Bitcoin QR Code Maker API](https://www.bitcoinqrcodemaker.com/bitcoin-qr-code-maker-api-and-widgets/) takes this spell to the next level. Whether youâ€™re running an e-commerce store, managing a fundraiser, or just flexing your developer muscles, this API helps you generate Bitcoin QR codes with ease. Think of it as your trusty grimoireâ€”it works quietly in the background, but its power is undeniable.

# Lesson 3: Crafting Magical Use Cases

Every good wizard knows how to use their tools creatively. Here are a few enchanting ideas for the Bitcoin QR Code API:

1. **The Merchantâ€™s Charm** Running a shop? Use QR codes to accept Bitcoin payments at lightning speed. No fiddling with wallets, no confusionâ€”just scan, pay, and poof, transaction complete.
2. **The Charitable Enchantment** Fundraising for a cause? QR codes make it easy for donors to contribute in Bitcoin. A scan and a tap later, their donation is on its way.
3. **The Developerâ€™s Elixir** Building a decentralized app? Integrate the Bitcoin QR Code API for frictionless payment processing. Your users will thank you for the wizardry.
4. **The Party Trick** Hosting a crypto-themed event? Use QR codes to collect ticket payments or even as giveaways. Watch as your attendees marvel at your blockchain sorcery.

# Lesson 4: Decoding the Wizardâ€™s Toolbox

You might be wondering, â€œWhat makes this Bitcoin QR Code API so special?â€ Well, let me enlighten you:

* **Simplicity**: No need for an advanced degree in cryptography. The API is designed to be user-friendly, even if your last coding project was a â€œHello Worldâ€ app.
* **Customization**: Personalize your QR codes to reflect your brand or style. Add colors, logos, and more to make your QR codes pop.
* **Speed**: In the fast-paced world of Bitcoin, every second counts. The API generates QR codes faster than you can say â€œblockchain.â€
* **Security**: The API ensures your transactions are safe and secure. No sneaky goblins tampering with your funds here.

# Lesson 5: Overcoming Common Wizarding Challenges

Every aspiring wizard faces challenges on their journey. Here are a few pitfalls to avoid:

1. **The â€œOops, Wrong Addressâ€ Curse** Double-check those QR codes! One tiny mistake, and your Bitcoin could end up in the abyss. The API minimizes errors, but a little caution goes a long way.
2. **The â€œTech Hexâ€** Not a coding expert? Fear not! The Bitcoin QR Code API comes with documentation so clear, even a Muggle could understand it.
3. **The â€œOverwhelm Spellâ€** The crypto world can be daunting. Take it one step at a time. Start small, experiment with the API, and soon youâ€™ll be casting complex payment spells with ease.

# Lesson 6: The Future of Bitcoin Wizardry

The beauty of Bitcoin wizardry lies in its infinite potential. As more people adopt cryptocurrency, the demand for seamless, secure transactions will only grow. By mastering tools like the Bitcoin QR Code API, you position yourself at the forefront of this digital revolution.

Picture this: a world where your QR codes power vending machines, enable micropayments, and even unlock doors (okay, maybe not literal doors, but certainly doors of opportunity). The possibilities are as vast as a dragonâ€™s treasure hoard.

# Lesson 7: Joining the Wizarding Community

No wizard works alone. The Bitcoin ecosystem is brimming with fellow spellcasters eager to share knowledge, trade tips, and collaborate on magical projects. Join forums, attend meetups, and never stop learning. The more you engage, the more powerful your spells will become.

And donâ€™t forget to share your creations! Show off your Bitcoin QR code-powered projects and inspire others to embrace the magic of cryptocurrency.

# Final Exam: Your First Spell

Ready to test your skills? Head over to [Bitcoin QR Code Maker API](https://www.bitcoinqrcodemaker.com/bitcoin-qr-code-maker-api-and-widgets/) and start experimenting. Whether itâ€™s for personal use or a grand project, youâ€™ll quickly see how this tool can transform your crypto experience.

# Epilogue: From Apprentice to Master

Becoming a Bitcoin wizard isnâ€™t just about tools and transactionsâ€”itâ€™s about embracing a mindset of curiosity, innovation, and empowerment. With the Bitcoin QR Code API by your side, youâ€™re not just participating in the crypto revolutionâ€”youâ€™re leading it.

So go forth, young wizard. Create, explore, and share your magic with the world. And remember, every time someone scans your QR code, youâ€™re casting a spell that bridges the gap between technology and possibility.âœ¨",Neutral,0.9996658563613892
"Woman dumped ex-boyfriend's Rs 5,900 crore Bitcoin fortune in trash in 2009. What he is doing now (x-post from /r/Cryptocurrency)",CryptoCurrencyClassic,1i9rzro,2025-01-25 12:25:35,1,1.0,0,https://www.reddit.com/r/CryptoCurrency/comments/1i9rmmj/woman_dumped_exboyfriends_rs_5900_crore_bitcoin/,ASICmachine,,,Neutral,0.9999904632568359
Guys at Bitcoin are blocking posts around Jack Mallers and accusing of being a XRP bag holder for simply posting who he is. (x-post from /r/Cryptocurrency),CryptoCurrencyClassic,1i9rzr9,2025-01-25 12:25:34,1,1.0,0,https://www.reddit.com/r/CryptoCurrency/comments/1i9rvtd/guys_at_bitcoin_are_blocking_posts_around_jack/,ASICmachine,,,Neutral,0.9998724460601807
Sondaggio: TOKEN Ticker,melonichan,1i9rz0j,2025-01-25 12:24:39,3,1.0,0,https://www.reddit.com/r/melonichan/comments/1i9rz0j/sondaggio_token_ticker/,Fazio8,,"Apriamo il primo sondaggio alla community per decidere il **TICKER** del token, ovvero l'abbreviativo che verrÃ  utilizzato per identificare il token sulle varie piattaforme.

Per intenderci, il corrispettivo di BTC per Bitcoin, ETH per Ethereum, XRP per Ripple e cosÃ¬ via.

In caso di ulteriori proposte o idee, commentate e le aggiungeremo al poll!

[View Poll](https://www.reddit.com/poll/1i9rz0j)",Neutral,0.9999240636825562
Is there a custodial bitcoin platform that can distribute bitcoin to my family once Iâ€™m gone? (x-post from /r/Bitcoin),CryptoCurrencyClassic,1i9ryjh,2025-01-25 12:24:07,1,1.0,0,https://www.reddit.com/r/Bitcoin/comments/1i9rkq8/is_there_a_custodial_bitcoin_platform_that_can/,ASICmachine,,,Neutral,0.9999840259552002
Guys at Bitcoin are blocking posts around Jack Mallers and accusing of being a XRP bag holder for simply posting who he is.,CryptoCurrency,1i9rvtd,2025-01-25 12:20:51,0,0.43,19,https://www.reddit.com/gallery/1i9nuwb,pmalla,DISCUSSION,,Neutral,0.9996209144592285
Buy Signal Bitcoin Cash USD - 25 Jan 2025 @ 12:13 -> USD447.69,getagraph,1i9rqxf,2025-01-25 12:15:03,1,1.0,0,https://www.reddit.com/r/getagraph/comments/1i9rqxf/buy_signal_bitcoin_cash_usd_25_jan_2025_1213/,jvc72,Crypto,"Ticker: **BCHUSD**

Exchange: **CRYPTO**

Time: **25 Jan 2025 @ 12:13**

Price: **USD447.69**

Link: https://getagraph.com/crypto-currencies/BCHUSD/ENG",Neutral,0.5340551137924194
My account was suspended for analysing bitcoin graph?,DeepSeek,1i9ro82,2025-01-25 12:11:52,4,0.75,0,https://i.redd.it/bn32jr0aa6fe1.jpeg,Isilduuuuur1,,Is this against the rules or something?,Neutral,0.9947951436042786
"Woman dumped ex-boyfriend's Rs 5,900 crore Bitcoin fortune in trash in 2009. What he is doing now",CryptoCurrency,1i9rmmj,2025-01-25 12:09:57,0,0.36,3,https://www.moneycontrol.com/news/trends/woman-dumped-ex-boyfriends-rs-5900-crore-bitcoin-fortune-in-trash-in-2009-what-he-is-doing-now-12876467.html,ChemicalAnybody6229,GENERAL-NEWS,,Neutral,0.9999845027923584
Is there a custodial bitcoin platform that can distribute bitcoin to my family once Iâ€™m gone?,Bitcoin,1i9rkq8,2025-01-25 12:07:40,2,0.67,10,https://www.reddit.com/r/Bitcoin/comments/1i9rkq8/is_there_a_custodial_bitcoin_platform_that_can/,EconomistSuper9503,,"Iâ€™m looking for a place who would custodian bitcoin for people much like a trust fund that can be trusted no pun intended. 

Ideally it would be decentralized. Does something like that exist?",Neutral,0.9999822378158569
IPTVEKO vs. IPTVTOPS: The Ultimate 2025 IPTV Battle â€“ Which One Fits Your Screen?,comunidadespanol,1i9ri1m,2025-01-25 12:04:29,1,0.66,0,https://www.reddit.com/r/comunidadespanol/comments/1i9ri1m/iptveko_vs_iptvtops_the_ultimate_2025_iptv_battle/,AutoModerator,,"*Discover the Best IPTV Service for Sports, Movies, and Global Content*

In the ever-evolving world ofÂ **IPTV services**, choosing the right provider can feel like navigating a maze. EnterÂ **IPTVEKO**Â andÂ [**IPTVTOPS**](https://iptvtops.com/)â€”two giants battling for your attention in 2025. One shines withÂ **affordable global content**, while the other dominates withÂ **sports and niche programming**. But which one deserves your subscription? Letâ€™s dive into the details and find out!

# 1. Content Library: Global Variety vs. Sports Focus

|**IPTVEKO**Â ğŸŒ|[**IPTVTOPS**](https://iptvtops.com/)Â ğŸˆ|
|:-|:-|
|**30,000+ live channels**Â Â **global content**Â â€“ Emphasis on (Bollywood, Arabic, European, Latino).|**23,000+ live channels**Â Â **live sports**Â â€“ Heavy focus on (NFL, NBA, UFC) and niche genres (adult, international).|
|**100,000+ VOD titles**Â â€“ Movies, series, and documentaries updated weekly.|**80,000+ VODs**Â â€“ Sports replays, trending movies, and action-packed series.|
|**Limited sports coverage**Â â€“ Focuses on regional leagues over premium PPV.|**PPV mastery**Â â€“ Zero delays for live UFC fights and boxing matches.|

**Verdict**:

* **IPTVEKO**Â wins forÂ **global content diversity**.
* [**IPTVTOPS**](https://iptvtops.com/)Â is aÂ **sports fanâ€™s paradise**.

# 2. Streaming Quality: Adaptive vs. Anti-Buffer

|**IPTVEKO**Â ğŸŒ|[**IPTVTOPS**](https://iptvtops.com/)Â ğŸˆ|
|:-|:-|
|**Adaptive HD/4K**Â â€“ Stable playback at 20 Mbps, but occasional buffering during high traffic.|**Anti-freeze tech**Â â€“ Lag-free 4K streaming at 15 Mbps, even during peak sports events.|
|**Single-screen focus**Â â€“ Limited to 1â€“3 devices.|**Multi-view feature**Â â€“ Watch up to 4 games or shows simultaneously.|
|**Variable reliability**Â â€“ Struggles with high-demand live events.|**99.9% uptime**Â â€“ Reliable servers for uninterrupted viewing.|

**Why It Matters**:

* **IPTVEKO**Â isÂ **good enough**Â for casual viewers.
* [**IPTVTOPS**](https://iptvtops.com/)Â guaranteesÂ **premium performance**Â for sports fans.

# 3. Pricing & Plans: Budget vs. Premium

|**IPTVEKO**Â ğŸŒ|[**IPTVTOPS**](https://iptvtops.com/)Â ğŸˆ|
|:-|:-|
|**$10.99/month**Â â€“ Cheapest plan with no hidden fees.|**$14.99/month**Â â€“ Includes PPV access and multi-screen streaming.|
|**No free trial**Â â€“ Pay upfront, cancel anytime.|**24-hour trial**Â â€“ Test premium features before buying.|
|**Credit/debit cards only**Â â€“ Limited payment options.|**Bitcoin payments**Â â€“ Privacy-focused subscriptions.|

**Value Breakdown**:

* **IPTVEKO**Â = Unbeatable forÂ **global content on a budget**.
* [**IPTVTOPS**](https://iptvtops.com/)Â = Premium sports at a slightly higher cost.

# 4. Device Compatibility: Universal vs. Sports-Optimized

|**IPTVEKO**Â ğŸŒ|[**IPTVTOPS**](https://iptvtops.com/)Â ğŸˆ|
|:-|:-|
|**Universal compatibility**Â â€“ Firestick, Android, iOS, Smart TVs.|**Sports-optimized apps**Â â€“ Dedicated apps for Firestick and Android TV.|
|**Clunky EPG**Â â€“ Outdated menus but highly customizable.|**Basic EPG**Â â€“ Simple interface with minimal customization.|
|**3-device limit**Â â€“ Restrictive for households.|**5 simultaneous streams**Â â€“ Share with friends or family.|

**User Feedback**:

* *â€œIPTVEKOâ€™s global channels are a lifesaver for my multilingual family.â€*Â â€“ Reddit user.
* *â€œ*[*IPTVTOPS*](https://iptvtops.com/)*â€™s multi-view is perfect for sports marathons!â€*Â â€“ Trustpilot review.

# 5. Legal Standing & Support

|**IPTVEKO**Â ğŸŒ|[**IPTVTOPS**](https://iptvtops.com/)Â ğŸˆ|
|:-|:-|
|**Unverified licensing**Â â€“ Use a VPN to avoid ISP throttling.|**Gray-area operations**Â â€“ High risk of shutdowns; VPN mandatory.|
|**Email-only support**Â â€“ Slow responses (24+ hours).|**24/7 live chat**Â â€“ Quick fixes during live events.|

# Final Verdict

* **Choose IPTVEKO if**: âœ… You wantÂ **30,000+ channels**Â under $11/month. âœ… Youâ€™re aÂ **global content explorer**Â craving variety.
* **Choose**Â [**IPTVTOPS**](https://iptvtops.com/)Â **if**: âœ…Â **Live sports and PPV**Â are non-negotiable. âœ… Youâ€™re willing to pay extra forÂ **buffer-free 4K streams**.

# Top Alternatives

1. [**IPTVGREAT**](https://iptvgreat.xyz/)Â â€“ Best for curated sports and global content.
2. **Kemo IPTV**Â â€“ Budget pick with 200K+ VODs.
3. **XtremeHD IPTV**Â â€“ Anti-buffer tech for lag-free viewing.

**Bottom Line**:Â **IPTVEKO**Â is theÂ **global content king**, whileÂ [**IPTVTOPS**](https://iptvtops.com/)Â is theÂ **ultimate sports hub**. Test trials where available, and always use a VPN! ğŸ”’ğŸ“º",Neutral,0.9999842643737793
"Just hit my 4th BTC anniversary. The more I stack, the more feeling of security I get that is hard to describe (x-post from /r/Bitcoin)",CryptoCurrencyClassic,1i9rhq1,2025-01-25 12:04:05,1,1.0,0,https://www.reddit.com/r/Bitcoin/comments/1i9pnmf/just_hit_my_4th_btc_anniversary_the_more_i_stack/,ASICmachine,,,Neutral,0.9971655011177063
Free Bitcoin cloud mining app for your phone that actually works!,thesidehustle,1i9rfwx,2025-01-25 12:02:04,0,0.22,13,https://www.reddit.com/r/thesidehustle/comments/1i9rfwx/free_bitcoin_cloud_mining_app_for_your_phone_that/,Illustrious-Deal-781,Crypto :snoo_feelsgoodman:,"Hi!

I found an app for Android that lets you mine real Bitcoin for free by watching ads and even one option without an ad. But the more ads you watch the more computing power you get to mine BTC faster. It doesn't make your phone slower because you are not using the actual phone to mine anything.

Android: [https://play.google.com/store/apps/details?id=bitcoin.minning.com](https://play.google.com/store/apps/details?id=bitcoin.minning.com)

iOS: [https://apps.apple.com/us/app/bitcoin-mining-cloud-mining/id6503180820](https://apps.apple.com/us/app/bitcoin-mining-cloud-mining/id6503180820)

You can use my referral code if you want: KFMNOM

The minimun amount to withdraw is 0.0000002 which takes about 2 days to mine. You can download Speed wallet to your browser and use that as a wallet for example.

Tip for more Bitcoin faster: I also use my old phone that I don't need and installed virtual machine to it to run android phone on it so I have currently installed 3 apps to mine, takes a little time to click all the ads and wait for those videos to end but so far I have earned 0.00000087 in under a week.

Edit: The amount we mine doesn't have much value today but history has shown that Bitcoins value could rise so it will be worth it in the future :)",Neutral,0.9995967745780945
WTT/WTS S3 Gems and 1 S2 Summer CN 16,Currencytradingcards,1i9rbzm,2025-01-25 11:57:40,8,1.0,4,https://www.reddit.com/gallery/1i9rbzm,Nicolalikesstonks,WTB ğŸ’² / WTS ğŸ’° / WTT ğŸ”,"30 SP Opal, Emerald , Garnet and Beryl
30 Baghdad Battery. Garnet and Emerald
Hawala Amethyst, Tron SP Beryl and S2 limited  Silver Summer BitcoinTalk.  serial numbers on the 2nd photo. Unsleeved only for pictures. They are in  sleeves and toplaoders. 
Please DM is interested, tysm to this awesome community and support given. ",Neutral,0.9999991655349731
Best 3 Cryptos Under $1 To Buy This Week: Doge Uprising Could Be The Best Meme Coin Of 2025,draqai,1i9rbei,2025-01-25 11:56:57,1,1.0,0,https://www.reddit.com/r/draqai/comments/1i9rbei/best_3_cryptos_under_1_to_buy_this_week_doge/,MammothBattle33,,"ğŸš€ Hot Picks for Crypto Lovers: 3 Tokens Under $1 to Watch This Week  

Guess what, crypto fam? Itâ€™s the perfect time to hunt for those low-cost tokens that can turn you into the next *to-the-moon* success story. This weekâ€™s must-watch trio is sizzling: $DUP (Doge Uprising), $TRX (Tron), and Arbitrum. Let me spill the tea!  

Doge Uprising is creating some massive buzz right now. Currently in Stage 3 of its presale, $DUP is priced at just fractions of a cent. So what makes it special? Itâ€™s a meme coin, but with utility dripping in ambitionâ€”staking capabilities, an NFT marketplace, and all the viral appeal you could dream of. Early buyers are already piling in, and if the hype keeps soaring, $DUP could overshadow other meme coins by 2025. I mean, imagine flexing your gains this time next year... spicy, right?  

Meanwhile, letâ€™s not forget about $TRX! Tron continues being a classic darling for decentralized applications. Reliable, consistent, and super cheapâ€”perfect for stacking up in your bag for steady returns.  

Then we have Arbitrum, the tech genius among the trio. If Ethereum is your bae but those gas fees make you wanna scream, Arbitrumâ€™s Layer 2 solution keeps things fast and wallet-friendly. While it may not have the meme coin vibe, itâ€™s all about building solid, long-term value.  

But letâ€™s be real... Doge Uprising is the one making everyone raise their eyebrows (and investments). The combo of cheap entry points, staking possibilities, and an irresistible meme factor makes $DUP seriously worth considering.  

Crypto season is all about being smart *and* spicy with your picks. So donâ€™t sleep on these gems. Secure that bag and start dreaming of 2025 as your breakout year.  

#memecoin #crypto #solana #Ethereum #ai #bitcoin #cryptocurrency  

ğŸš¨ Do not forget $YOI launching on 5th of February 2025, around 12 PM UTC.  

âš ï¸ Disclaimer: This analysis or Information by YOI AI is for informational purposes only and should not be considered financial or investment advice. 


 Follow Me:  


 https://x.com/YOIdraq 


https://x.com/draqai",Neutral,0.5141884684562683
Mining Pool Problem,BitAxe,1i9raid,2025-01-25 11:55:53,2,1.0,5,https://www.reddit.com/r/BitAxe/comments/1i9raid/mining_pool_problem/,mothpaul,,"I can mine with BitAxe connected to my LAN mining pool (ckpool) installed on my Bitcoin node, but not public mining pools, solo.ckpool.org or public-pool.io.   

This doesn't make a sense to me.  Any suggestions for remedy?",Negative,0.9999814033508301
Donâ€™t waste my time.,BitcoinQR,1i9r7q7,2025-01-25 11:52:24,1,1.0,0,https://i.redd.it/676qe0kv26fe1.jpeg,SelectionOptimal7348,,,Neutral,0.9986860156059265
Bitcoin/etn + microstrategy = troppa esposizione o diversificazione?,ItaliaPersonalFinance,1i9r5cb,2025-01-25 11:49:29,1,0.56,3,https://www.reddit.com/r/ItaliaPersonalFinance/comments/1i9r5cb/bitcoinetn_microstrategy_troppa_esposizione_o/,micheledoors,Portafoglio e Investimenti,"ancora non ho acquistato nulla, ma volendosi esporre al mondo crypto, come da titolo, vorrei capire se detenere Bitcoin e / o avere un ETF in bitcoin , e/o aggiungere l'azione di un'azienda che dovrebbe detenere il corrispettivo investito ( se ho capito bene ) come Microstrategy rientri nella diversificazione o nell'eccesos di esposizione.

Mi spiego meglio:  
Poniamo il caso che, io credo fortemente nei btc  e cripto in genere, e al tempo stesso voglio anche speculare, la strategia migliore quale sarebbe ? investire tutto in un aspetto es: detenere bitcoin reali e vendere di tanto in tanto, nonostante la tax a 33%.  
Oppure una parte detenerla per non pagarci mai tasse a lunghissimo termine  - prima o poi magari cambia - ed una parte sfruttarla tramite etn/azioni mcrs per approfittare dell'oscillazione ?

spero di essere stato chiaro, magari non mi sono espresso molto bene. perÃ² quello che penso e ho capito da studi effettuati, che comunque avere un azion dell'azienda o l'etf non Ã¨ proprio come detenere il btc fisico, quindi Ã¨ differente a livello di ""prodotto reale"" e quindi di come dire ""credo"" nel progetto ?!",Neutral,0.9999213218688965
Umbrel Home - Bitcoin Mining Node?,BitcoinMining,1i9r4j3,2025-01-25 11:48:33,1,1.0,4,https://www.reddit.com/r/BitcoinMining/comments/1i9r4j3/umbrel_home_bitcoin_mining_node/,South_Guarantee91,General Discussion,"Has anyone seen this?  419 dollar home server that can be your own BTC mining node...or does anyone else have any recommendations?  I am currently pointing my small miners to Braiins, but someone said not a good idea.   It appears I can also point miners in a hosting facility to his node / device with a few remote connections enabled?  Thoughts on what everyone else does?",Neutral,0.9999046325683594
50k CHF to invest immediately then 2K per month - what would you do?,SwissPersonalFinance,1i9r1i7,2025-01-25 11:44:57,10,0.86,18,https://www.reddit.com/r/SwissPersonalFinance/comments/1i9r1i7/50k_chf_to_invest_immediately_then_2k_per_month/,antongiu,,"Hey everyone, after few weeks of ""homework"" reading posts here, thepoorswiss and other sources, I have opened a IBKR account and about to pull the trigger on my first investment, then I am thinking to set a montly recurring investment. Hence I am looking for feedback from all the smart folks on this subreddit whos advice i read all the time for setting the best possible strategy.

 Here's my situation:

* Iâ€™ve got aboutÂ **50k CHF**Â in IBKR right now 
* this is not my only pot of money, I have a fair bit chunk of money invested through my swiss bank (UBS) and another private bank (Kaiser Partners) which is fortunately giving me good returns
* **My risk tolerance is high** for this type of investment, as I see IBKR is a sort of an experiment to see how things go, perhaps I could move more money into it at some point but not soon as I still prefer to keep my money safe in Switzerland
*  Going forward I plan to invest additional **2K per month,** starting from April/May
* Although I prone to risk, I do not have the time to play with stocks or bitcoins so I am focusing on **low-cost ETFs**, possibly **avoiding some overlap** between them**,** but not necessarily 
* Iâ€™m also setting asideÂ **2.5k CHF**Â for active stock trades.

My initial plan is:

\- 70% VT

\- 15% VOO

\- 15% QQQM

thanks in advance for your feedback!!",Neutral,0.9999977350234985
Fidelity Advantage Bitcoin ETF versus Fidelity Advantage Bitcoin ETF Fund,QuebecFinance,1i9r19y,2025-01-25 11:44:42,1,1.0,4,https://www.reddit.com/r/QuebecFinance/comments/1i9r19y/fidelity_advantage_bitcoin_etf_versus_fidelity/,SalvinoRon,,"Est-ce que quelqu'un pourrait m'expliquer c'est quoi l'intÃ©rÃªt d'acheter du Fidelity Advantage Bitcoin ETF Fund plutÃ´t que du FBTC? 

Actuellement le FBTC a un MER de 0,43% et le Fund a un MER de 1,12%

Comme les deux suivent directement le cours du bitcoin pourquoi choisir celui qui a un MER trois fois plus Ã©levÃ©??? Et par extension, qu'est-ce que le Fund apporte par rapport Ã  l'ETF ""classique""? Je suis vraiment mÃªlÃ©.",Neutral,0.9999959468841553
Epic new Bitcoin ad. They keep getting better ğŸ™Œ (x-post from /r/Bitcoin),CryptoCurrencyClassic,1i9r0s0,2025-01-25 11:44:04,1,1.0,0,https://www.reddit.com/r/Bitcoin/comments/1i9qktl/epic_new_bitcoin_ad_they_keep_getting_better/,ASICmachine,,,Positive,0.9999936819076538
Donâ€™t waste my time. (x-post from /r/Bitcoin),CryptoCurrencyClassic,1i9r0rw,2025-01-25 11:44:03,1,1.0,0,https://www.reddit.com/r/Bitcoin/comments/1i9qppc/dont_waste_my_time/,ASICmachine,,,Neutral,0.9999080896377563
When should I consider getting a cold storage wallet? (x-post from /r/Bitcoin),CryptoCurrencyClassic,1i9r0ru,2025-01-25 11:44:03,1,1.0,0,https://www.reddit.com/r/Bitcoin/comments/1i9qz7h/when_should_i_consider_getting_a_cold_storage/,ASICmachine,,,Neutral,0.9999487400054932
When should I consider getting a cold storage wallet?,Bitcoin,1i9qz7h,2025-01-25 11:42:06,8,0.9,37,https://www.reddit.com/r/Bitcoin/comments/1i9qz7h/when_should_i_consider_getting_a_cold_storage/,damasterofnone,,"Iâ€™m not aware of anyone saying coinbase isnâ€™t secure, however I could cry if I lost all Iâ€™ve put in. Should I just do it ? How often do those who have one move their coins? Also- Is that how it works? I buy on coinbase and somehow move them to these cold storage wallets? Apologies for naivety! Seeking the wisdom of the eldersğŸ™ğŸ¼",Neutral,0.9995198249816895
"Day 53 shaking, for the past few shakes I've only be getting 21sats, why ?",shakepay,1i9qx19,2025-01-25 11:39:28,0,0.27,8,https://www.reddit.com/gallery/1i9qx19,adamf514,Discussion ğŸ¤,,Neutral,0.9971194267272949
All the levels for this bull run,u_VanceCoursewell,1i9qvly,2025-01-25 11:37:42,1,1.0,0,https://www.reddit.com/r/u_VanceCoursewell/comments/1i9qvly/all_the_levels_for_this_bull_run/,VanceCoursewell,,"https://preview.redd.it/lawyj62w36fe1.png?width=968&format=png&auto=webp&s=4d867bc02a915883bf38089d5201717e242d86bb

",Neutral,0.9994070529937744
Netfly TV vs. IPTVGREAT: The Ultimate 2024 IPTV Showdown â€“ Which Service is the Best IPTV Provider?,comunidadespanol,1i9qrit,2025-01-25 11:32:33,1,0.66,0,https://www.reddit.com/r/comunidadespanol/comments/1i9qrit/netfly_tv_vs_iptvgreat_the_ultimate_2024_iptv/,AutoModerator,,"*Find the Perfect IPTV Subscription for Sports, Movies, and Global Content*

In 2024,Â **Netfly TV**Â andÂ [**IPTVGREAT**](https://iptvgreat.xyz/)Â are two of the most popularÂ **IPTV service providers**, but they cater to different audiences. Whether youâ€™re a sports fanatic, a movie buff, or a global content explorer, this detailed comparison will help you choose theÂ **best IPTV subscription**Â for your needs.

# 1. Content Library: Mainstream vs. Global Variety

|**Netfly TV**Â ğŸ“º|[**IPTVGREAT**](https://iptvgreat.xyz/)Â ğŸŒ|
|:-|:-|
|**15,000+ live channels**Â Â **mainstream networks**Â â€“ Focus on (HBO, ESPN, Sky Sports) and popular movies.|**50,000+ live channels**Â Â **global content**Â â€“ Emphasis on (Bollywood, Arabic, European, Latino) and niche genres.|
|**50,000+ VOD titles**Â â€“ Movies, series, and documentaries updated weekly.|**120,000+ VODs**Â â€“ Massive on-demand library with daily updates for trending movies and shows.|
|**Limited sports coverage**Â â€“ Focuses on regional leagues over premium PPV.|**PPV mastery**Â â€“ Zero delays for live UFC fights, NBA playoffs, and concerts.|

**Verdict**:

* **Netfly TV**Â =Â **Mainstream entertainment**Â for casual viewers.
* [**IPTVGREAT**](https://iptvgreat.xyz/)Â =Â **Global content king**Â for sports fans and expats.

# 2. Streaming Quality: Reliable vs. Premium

|**Netfly TV**Â ğŸ“º|[**IPTVGREAT**](https://iptvgreat.xyz/)Â ğŸŒ|
|:-|:-|
|**HD streaming**Â â€“ Stable playback at 20 Mbps; occasional buffering during peak hours.|**4K HDR streaming**Â â€“ Lag-free quality at 15 Mbps, even during live sports.|
|**Single-screen focus**Â â€“ Limited to 1â€“3 devices.|**Multi-view feature**Â â€“ Watch up to 4 games or shows simultaneously.|
|**Variable reliability**Â â€“ Struggles with high-demand live events.|**99.9% uptime**Â â€“ Anti-freeze servers for uninterrupted viewing.|

**Why It Matters**:

* **Netfly TV**Â =Â **Good enough**Â for casual streaming.
* [**IPTVGREAT**](https://iptvgreat.xyz/)Â =Â **Premium performance**Â for sports and 4K enthusiasts.

# 3. Pricing & Plans: Budget vs. Value

|**Netfly TV**Â ğŸ“º|[**IPTVGREAT**](https://iptvgreat.xyz/)Â ğŸŒ|
|:-|:-|
|**$12.99/month**Â â€“ Affordable with no hidden fees.|**$15/month**Â â€“ Slightly pricier but includes PPV and multi-screen streaming.|
|**No free trial**Â â€“ Pay upfront, cancel anytime.|**24-hour trial**Â â€“ Test premium features before committing.|
|**Credit/debit cards only**Â â€“ Limited payment options.|**Bitcoin payments**Â â€“ Privacy-focused subscriptions.|

**Value Breakdown**:

* **Netfly TV**Â =Â **Budget-friendly**Â for mainstream viewers.
* [**IPTVGREAT**](https://iptvgreat.xyz/)Â =Â **Unbeatable value**Â for global content and sports.

# 4. Device Compatibility: Universal vs. Sports-Optimized

|**Netfly TV**Â ğŸ“º|[**IPTVGREAT**](https://iptvgreat.xyz/)Â ğŸŒ|
|:-|:-|
|**Universal compatibility**Â â€“ Firestick, Android, iOS, Smart TVs.|**Sports-optimized apps**Â â€“ Dedicated apps for Firestick and Android TV.|
|**Basic EPG**Â â€“ Simple interface with minimal customization.|**Advanced EPG**Â â€“ Real-time updates and personalized recommendations.|
|**3-device limit**Â â€“ Restrictive for households.|**5 simultaneous streams**Â â€“ Share with family or friends.|

**User Feedback**:

* *â€œNetfly TV is great for movies, but sports coverage is lacking.â€*Â â€“ Reddit user.
* *â€œ*[*IPTVGREAT*](https://iptvgreat.xyz/)Â *has every sport I craveâ€”finally canceled cable!â€*Â â€“ Trustpilot review.

# 5. Legal Standing & Support

|**Netfly TV**Â ğŸ“º|[**IPTVGREAT**](https://iptvgreat.xyz/)Â ğŸŒ|
|:-|:-|
|**Unverified licensing**Â â€“ Use a VPN to avoid ISP throttling.|**Gray-area operations**Â â€“ High risk of shutdowns; VPN mandatory.|
|**Email-only support**Â â€“ Slow responses (24+ hours).|**24/7 live chat**Â â€“ Quick fixes during live events.|

# Final Verdict

* **Choose Netfly TV if**: âœ… You wantÂ **affordable mainstream content**Â under $13/month. âœ… Sports and global channels arenâ€™t a priority.
* **Choose**Â [**IPTVGREAT**](https://iptvgreat.xyz/)Â **if**: âœ… You needÂ **50,000+ channels**Â and premium sports coverage. âœ… Youâ€™re willing to pay extra forÂ **4K quality and reliability**.

# Top Alternatives

1. [**IPTVFOLLOW**](https://iptvfollow.com/)Â â€“ Best for global channels and niche content.
2. **Kemo IPTV**Â â€“ Budget pick with 200K+ VODs.
3. **XtremeHD IPTV**Â â€“ Anti-buffer tech for lag-free viewing.

**Bottom Line**:Â **Netfly TV**Â is theÂ **budget-friendly choice**, whileÂ [**IPTVGREAT**](https://iptvgreat.xyz/)Â is theÂ **ultimate IPTV service provider**Â for sports and global content. Test trials where available, and always use a VPN! ğŸ”’ğŸ“º",Neutral,0.7532278299331665
Donâ€™t waste my time.,Bitcoin,1i9qppc,2025-01-25 11:30:22,101,0.91,3,https://i.redd.it/676qe0kv26fe1.jpeg,BitCypher84,,,Neutral,0.9986860156059265
Bitcoin Demand Weakens but Large Investors Enter Reaccumulation (x-post from /r/Cryptocurrency),CryptoCurrencyClassic,1i9qlnv,2025-01-25 11:25:26,1,1.0,0,https://www.reddit.com/r/CryptoCurrency/comments/1i9qfme/bitcoin_demand_weakens_but_large_investors_enter/,ASICmachine,,,Positive,0.8849908709526062
Epic new Bitcoin ad. They keep getting better ğŸ™Œ,Bitcoin,1i9qktl,2025-01-25 11:24:24,326,0.93,57,https://v.redd.it/2blk43pq16fe1,BitCypher84,,,Positive,0.9996309280395508
Plug and play node hardware (x-post from /r/Bitcoin),CryptoCurrencyClassic,1i9qkig,2025-01-25 11:24:01,1,1.0,0,https://www.reddit.com/r/Bitcoin/comments/1i9qhla/plug_and_play_node_hardware/,ASICmachine,,,Neutral,0.9999744892120361
"Bitcoin 2010- 4 Guests, 1 User (x-post from /r/Bitcoin)",CryptoCurrencyClassic,1i9qki8,2025-01-25 11:24:01,1,1.0,0,https://www.reddit.com/r/Bitcoin/comments/1i9qj1b/bitcoin_2010_4_guests_1_user/,ASICmachine,,,Neutral,0.9999897480010986
