Post Title,Subreddit,Post ID,Created Time,Upvotes,Upvote Ratio,Comments Count,Post URL,Author,Flair,Post Text
Team Outlook/ Trade Recs,DynastyFFTradeAdvice,1i9brrm,2025-01-24 20:29:42,1,1.0,0,https://i.redd.it/a1ih6l07m1fe1.jpeg,Fish-Silly,:NFL: Player Discussion,any advice is welcome
Thought I'd share how I approach breeding combos for events!,dragonvale,1i90v0k,2025-01-24 12:29:40,23,0.85,9,https://i.redd.it/jmizs9i78zee1.jpeg,InfiniteLithium,Event,
Which One Would You Pick? ü§î,ASICMinersTalk,1i8s6rk,2025-01-24 05:09:38,1,0.6,3,https://i.redd.it/l7jg0tfhzwee1.jpeg,cryptominerbros,,
Some of my VHS collection,autism,1i8ovea,2025-01-24 01:03:03,4,1.0,6,https://i.redd.it/xbus8m30uvee1.jpeg,WinterPhone4031,Special interest / Hyper fixation,Some of these I picked up at op shops or on eBay.
What is this Octane skin?,RocketLeague,1i8m590,2025-01-23 22:24:21,12,1.0,8,https://i.redd.it/vc4kh8kq1vee1.jpeg,STi_Future,:Question: QUESTION,
uhhhhh,StevenHe,1i8iqnt,2025-01-23 19:34:09,16,1.0,1,https://i.redd.it/anqdlfta7uee1.png,Electrical_Let7839,Meme,
New ALEO Miners ‚Äì Is the Profit Too Good to Be True?,BitcoinMining,1i80w1k,2025-01-23 06:01:04,0,0.43,14,https://www.reddit.com/r/BitcoinMining/comments/1i80w1k/new_aleo_miners_is_the_profit_too_good_to_be_true/,02boyy,General Discussion,"Hey everyone,

I'm pretty sure most of you are familiar with the website ASICMinerValue.

Next month(s), two new miners are set to be released:

1. **IceRiver ALEO AE0**
2. **Goldshell AE-BOX**

Both devices mine the ALEO coin using the zkSNARK algorithm.

According to ASICMinerValue, these miners generate around **$25 per day, regardless of the electricity costs you input**. With an initial investment of **$3,000** and an estimated **100-day ROI**, this deal seems almost too good to be true.

Do you think profits will drop significantly once more people start mining with these devices, or is it likely that the earnings will remain stable for a longer period?

Looking forward to hearing your thoughts!

Best regards!"
"Bad news for GPU miners, ASIC miner for ALEO has been shipped.",cryptomining,1i80k8p,2025-01-23 05:37:43,4,0.84,8,https://www.reddit.com/r/cryptomining/comments/1i80k8p/bad_news_for_gpu_miners_asic_miner_for_aleo_has/,Clean_Ad414,NEWS,"It's Goldshell AE BOX, quiet and profitable, for now.

https://preview.redd.it/r8klx6i42qee1.png?width=3000&format=png&auto=webp&s=8eedb23396c4bff89b5c997da284b0bdceee2b25

"
"Bad news for GPU miners, ASIC miner for ALEO has been shipped.",EtherMining,1i80je2,2025-01-23 05:36:00,0,0.5,2,https://www.reddit.com/r/EtherMining/comments/1i80je2/bad_news_for_gpu_miners_asic_miner_for_aleo_has/,Clean_Ad414,News,"It's Goldshell AE BOX, quiet and profitable, for now.

https://preview.redd.it/363vryiq1qee1.png?width=3000&format=png&auto=webp&s=8801cf12fb760bf3aabeaa33d0382ab5df97ddef

"
The rewards of mining ALEO is increasing!,gpumining,1i807fg,2025-01-23 05:11:34,0,0.27,6,https://www.reddit.com/r/gpumining/comments/1i807fg/the_rewards_of_mining_aleo_is_increasing/,Xinqiu-,,"||
||
|ALEO Avg. Daily Revenue (GH/s)|f2pool|[zk.work](http://zk.work)|
|Daily|1.00309|0.94519|
|past 1 week|1.26412|1.12025|

https://preview.redd.it/2vyqfacbxpee1.png?width=1014&format=png&auto=webp&s=6e192df8aec8002944c34c6716bbfaaea3f40225

  
It seems that ALEO‚Äôs GPU mining revenue is constantly increasing, and ALEO seems to be becoming a potential cryptocurrency for current GPU miners.

Learn more about ALEO mining steps:

[https://f2pool.zendesk.com/hc/en-us/articles/22915269214873-How-to-mine-Aleo](https://f2pool.zendesk.com/hc/en-us/articles/22915269214873-How-to-mine-Aleo)"
What will be the potential PoW mining coin in 2025?,gpumining,1i7zza0,2025-01-23 04:55:11,0,0.48,27,https://www.reddit.com/r/gpumining/comments/1i7zza0/what_will_be_the_potential_pow_mining_coin_in_2025/,Xinqiu-,,"https://preview.redd.it/lxnziyp2upee1.png?width=2336&format=png&auto=webp&s=9ef5ed91aacd0d8874449684eea312203b872864

As the market continues to decline, the activity of miners is also declining.

PoW has been very stable, so will there be any projects worthy of attention in 2025?

Similar to ALEO and KAS. "
Couple battery questions,SprinterVans,1i7oswk,2025-01-22 18:05:38,2,1.0,5,https://www.reddit.com/gallery/1i7oswk,lil_squeeb,,"I have a 2016 sprinter 4L turbo.

It seems the battery is going bad. My main question is what is this thing on top of the battery? Its not the positive or negative terminal. 

The next question is i think the battery number is a0019828208. Does that sound right?. Thats what it says on top the old battery."
Bitmain will launch Aleo Asic?,cryptomining,1i78sdf,2025-01-22 06:11:50,2,1.0,2,https://www.reddit.com/r/cryptomining/comments/1i78sdf/bitmain_will_launch_aleo_asic/,veparidon,QUESTION,"I see ASICs are coming from Goldshell and Iceriver. Will Bitmain launch an Aleo ASIC? Would like to know if anyone has updates.

"
soldi bloccati su coinbase,CoinBase,1i77yni,2025-01-22 05:13:18,0,0.5,2,https://www.reddit.com/r/CoinBase/comments/1i77yni/soldi_bloccati_su_coinbase/,o_danj,,"Salve da diversi giorni ho scaricato coinbase e fatto le quest di ALEO, solo che ho quasi 15 euro che non risultano n√® investibili n√® trasferibili mentre tutti gli altri soldi si, come posso risolvere?"
Folding paper and taping to other paper,diecastcarcameraclub,1i6wr1b,2025-01-21 18:31:30,16,0.95,1,https://www.reddit.com/gallery/1i6wr1b,Protection_Muted,,
"A little reminder that we have great 86 manga content out there. Feel free to give these series's a try, if you'd finished Anime and Light Novel üò©üëå‚ù§Ô∏è‚Äçüî•",EightySix,1i6eix7,2025-01-21 04:00:26,31,0.92,9,https://www.reddit.com/gallery/1i6eix7,Portugiuse,Manga,"
These are all existing 86 manga adaptations so far. 

The pictures above are in the same order as the list under this sentence üëç

I will list them here. There are 6 in total:

. 
- 86 Manga CANCELLED, 3 volumes in total (covers almost 85% of LN V1 and is 17 chapters long. Cancelled due to mangaka health problems unfortunately but still worth to read. Very nice Art style)

. 
- 86 Manga ""Through Battlefront"" CANCELLED, 1 volume in total (Adapts LN V2 the beginning. Sadly only 1 volume with 4.5 chapters in total. I mean you can read it. It is nice extra content but it isn't important. Cancelled due to the mangaka health issues)

. 
- 86 Magical Girl Regina ONGOING (Spin-off WHAT IF series on space with the 86 crew. Has at this point 5 chapters and is pretty funny though)

. 
- 86 Operation Highschool COMPLETED, 2 volumes in total in japanese & 1 omnibundle volume in english in total (Spin-off WHAT IF series in which different 86 characters are following a slice of life schoolday with the main focus on Shin and Lena. Has 16 Chapters in total. Is very cute)

. 
- 86 Deformed COMPLETED, 25 coloured pages in total (Basically a chibi abridged story from the 86 Anime. It has 25 panels. Short, cute, wholesome, quick to read. thats it)

. 
- 86 Fragmental Neoteny COMPLETED, 3 Volumes in total (Covers the events from the LN V10)"
"decided to grab every bottled root beer my local festival had, which one do i try first?",rootbeer,1i6cchm,2025-01-21 01:18:39,46,0.98,20,https://i.redd.it/sooee7a3iaee1.jpeg,Emotional_r,Question,i‚Äôve already had sprecker before
which mods is those ,stalker,1i63p5j,2025-01-20 17:54:21,7,1.0,3,https://i.redd.it/z3b6u2uqa8ee1.png,somecock,Anomaly,
"We have a new Goldshell AE Box ALEO Miner with a hashrate of 37 MH/s. The miner's profitability is $63.42 at $0.10 per kWh, available now at https://bt-miners.com/products/goldshell-ae-box-aleo-miner-37mh-s-bt-miners/. #btminers #Crypto #CryptoNews #cryptocommunity",u_bt-miners,1i5uztz,2025-01-20 12:02:54,1,1.0,0,https://i.redd.it/z2o9ra83k6ee1.png,bt-miners,,
First ALEO ASIC Miner Goldshell AE-BOX is avaliable for order from BT-Miners,cryptomining,1i5pzxk,2025-01-20 08:20:51,0,0.5,1,https://www.reddit.com/r/cryptomining/comments/1i5pzxk/first_aleo_asic_miner_goldshell_aebox_is/,bt-miners,NEWS,"https://preview.redd.it/u33bf72cg5ee1.png?width=1280&format=png&auto=webp&s=a6cc95c1dcfa7ffbce3537507dff2b8f9e028e46

Go to Link below to order your first AE-BOX Aleo miner

[https://bt-miners.com/](https://bt-miners.com/)"
Ps4 all for 30USD ,LebaneseMarketplace,1i5pp0k,2025-01-20 08:04:10,1,1.0,0,https://i.redd.it/mpr0c9fid5ee1.jpeg,pabloelite,As good as new,
I'm stuck at university for the next 6 hours soo... ask question about one of my ocs and I will ask one about your,OriginalCharacter,1i5jksx,2025-01-20 00:58:27,24,1.0,89,https://www.reddit.com/gallery/1i5jksx,ezium,Community Interaction,"Continues question exchange preferred. Aleo ws upvotes, I want to ask as many people qs possible. "
Have you completed ALEO & CORE? ,CoinBase,1i5h7ni,2025-01-19 22:38:56,0,0.5,5,https://www.reddit.com/r/CoinBase/comments/1i5h7ni/have_you_completed_aleo_core/,Buckmast3r,,"There's been a lot of people who experience trouble with their quests either showing as completed or receiving their rewards. 

I'm trying to gather a short list of transactions that I can utilize to help determine if the issue is strictly caused by the user or not. 

If you have successfully completed your quest and received your rewards for the following steps, please send me your transaction IDs via private message. 

ALEO: Swap on Arcane Finance 

CORE: Stake CORE on Element


Any contributions are greatly appreciated. 
Oh, and great job completing your quests! Keep up the great work! üí™"
Iceriver ALEO AEO,ASICMinersTalk,1i55kj8,2025-01-19 13:43:00,0,0.5,4,https://www.reddit.com/r/ASICMinersTalk/comments/1i55kj8/iceriver_aleo_aeo/,thebigdoubleo,,"Hello i‚Äôm thinking of buying it, but i don‚Äôt know. They promise such good returns on it. So why aren‚Äôt they using them, but selling them? It would be smarter to use them. So i don‚Äôt know if i can trust them if i buy it when it comes out and it stops working in like a week or so. Or if i buy it and it stops being profitable in a month. So i don‚Äôt know if it‚Äôs worth the risk. Please someone answer me if you can. I would be really grateful "
Iceriver ALEO AEO,asics,1i55k9c,2025-01-19 13:42:39,1,1.0,0,https://www.reddit.com/r/asics/comments/1i55k9c/iceriver_aleo_aeo/,thebigdoubleo,,"Hello i‚Äôm thinking of buying it, but i don‚Äôt know. They promise such good returns on it. So why aren‚Äôt they using them, but selling them? It would be smarter to use them. So i don‚Äôt know if i can trust them if i buy it when it comes out and it stops working in like a week or so. Or if i buy it and it stops being profitable in a month. So i don‚Äôt know if it‚Äôs worth the risk. Please someone answer me if you can. I would be really grateful "
Iceriver ALEO AEO,CryptoMiningSetups,1i55hgf,2025-01-19 13:39:29,1,1.0,0,https://www.reddit.com/r/CryptoMiningSetups/comments/1i55hgf/iceriver_aleo_aeo/,thebigdoubleo,,"Hello i‚Äôm thinking of buying it, but i don‚Äôt know. They promise such good returns on it. So why aren‚Äôt they using them, but selling them? It would be smarter to use them. So i don‚Äôt know if i can trust them if i buy it when it comes out and it stops working in like a week or so. Or if i buy it and it stops being profitable in a month. So i don‚Äôt know if it‚Äôs worth the risk. Please someone answer me if you can. I would be really grateful "
"The Curse Holo, is this thing rare, my friend said I should have sold it, was that even possible?",swtor,1i4ne07,2025-01-18 20:56:30,109,0.92,8,https://i.redd.it/je70sydcxude1.png,Alternative_Cry9989,Announcement,
Bugged Learning Bonus,CoinBase,1i4fkrq,2025-01-18 14:43:02,1,1.0,1,https://www.reddit.com/r/CoinBase/comments/1i4fkrq/bugged_learning_bonus/,Brief-Attorney1693,,"So, I'm from Brazil, I did the Aleo missions and I'm sharing it with all my family, but my sister's account was bugged, we did the step by step, deposit, purchase of crypto and the missions didn't release, so she decided to close the account to try again because she hadn't managed it yet, and then a SURPRISE, A WARNING APPEARED ""THIS ACTION IS IRREVERSIBLE AND YOU WILL LOSE ACCESS TO THE BONUS LEARNING"", what can she do? she couldn't rescue it because it didn't show up or anything"
Iceriver and Goldshell have started launching Aleo coin miners,ASICMinersTalk,1i43jg7,2025-01-18 03:55:50,1,1.0,1,/r/AleoMining/comments/1i43g2r/iceriver_and_goldshell_have_started_launching/,veparidon,,
Iceriver launching Aleo coin miners,cryptomining,1i43h93,2025-01-18 03:51:11,3,1.0,1,https://www.reddit.com/r/cryptomining/comments/1i43h93/iceriver_launching_aleo_coin_miners/,veparidon,NEWS,"Iceriver launched AE0 50M | 100w  
Goldshell launched AEBox 37M | 360w

[https://miningnow.com/asic-miner/iceriver-aleo-ae0-50mh/](https://miningnow.com/asic-miner/iceriver-aleo-ae0-50mh/)

So Aleo started; when will the Bitmain Aleo miner come?"
Iceriver and Goldshell have started launching Aleo coin miners,AleoMining,1i43g2r,2025-01-18 03:48:46,1,1.0,0,https://www.reddit.com/r/AleoMining/comments/1i43g2r/iceriver_and_goldshell_have_started_launching/,veparidon,,"Iceriver launched AE0 50M | 100w  
Goldshell launched AEBox 37M | 360w

[https://miningnow.com/asic-miner/iceriver-aleo-ae0-50mh/](https://miningnow.com/asic-miner/iceriver-aleo-ae0-50mh/)"
Did Goldshell Launch an Aleo Miner?,cryptomining,1i41vnx,2025-01-18 01:53:26,3,1.0,4,https://www.reddit.com/r/cryptomining/comments/1i41vnx/did_goldshell_launch_an_aleo_miner/,veparidon,QUESTION,"I got unverified updates about an Aleo miner from Goldshell. Specs say 37M, 600W. Can anyone confirm this?"
"First Photo of the Earth‚Äôs Curvature, December 30th, 1930.",RareHistoricalPhotos,1i40fq3,2025-01-18 00:17:15,74,0.96,2,https://i.redd.it/rp2wjiibsode1.jpeg,ZERO_PORTRAIT,,
Started with 18 free dollars from app,dogecoin,1i3oa7m,2025-01-17 14:18:34,12,0.84,5,https://i.redd.it/m1p4jphltlde1.jpeg,Agreeable_Cap_1639,,
Unique/but modern baby boy names,namenerds,1i3h42f,2025-01-17 09:07:54,1,0.67,4,https://www.reddit.com/r/namenerds/comments/1i3h42f/uniquebut_modern_baby_boy_names/,Top_Inspection_7645,Baby Names ,"Hello everyone ‚Äî I‚Äôm looking for the most unique (but modern sounding) baby boy names you‚Äôve heard. We like names that *sound like*: Liam, Keanu, etc. one unique name I heard recently was ‚ÄúAleo‚Äù. Any others that we probably haven‚Äôt heard before but sound really nice? Like Aleo was a first for me. "
My first Makita ,Makita,1i3f81q,2025-01-17 07:26:13,32,0.95,16,https://i.redd.it/hf2vfsm0sjde1.jpeg,bobbagum,,"Decided on getting the 40v power head in a pack with weed whacker, plus a grounds trimmer to clear my mother‚Äôs overgrown lawn

The shop threw in circular saw blade as well as a four edge blade, haven‚Äôt tried them yet, but looks like I‚Äôll have a busy weekend ahead"
Being ugly,ugly,1i39uot,2025-01-17 00:58:20,0,0.29,2,https://www.reddit.com/r/ugly/comments/1i39uot/being_ugly/,Ok_Look6507,,"Listen if it‚Äôs any consolation, don‚Äôt think being attractive makes me the real winner. this is becoming more evident to me the older I get. so yes Id say I‚Äôm a 9 and I do get so much in life easier not going to lie. if I‚Äôm in a line at a club the bouncers will coming to me and pull me out of line to get let straight in. I get compliments everywhere and the perfect example is the other day I went to a self serve car wash after putting some coins in the dude managing it came and tried to give me more change so I could use his car wash longer while there were cars inline waiting ( I did politely refuse) then straight after I went to a petrol station and filled up and brought cash into pay for it and decided to get a donut  and said I‚Äôll grab this too let me go get the extra 3/4 bucks from my car and the dude laughed and said no way please just take it. I was very thankful and flatttered but driving  home as happy as I was with the things that just happened I started to feel sad the in 10 years this won‚Äôt be the case and it will feel even worse being treated normal because I‚Äôm use to special treatment now I‚Äôm aging I care way to much about my appearance fading. I spend so much of money to look younger and I feel like my value is solely in how I look and don‚Äôt know what I‚Äôm going to do when I don‚Äôt have that anymore. attention is like a drug and its hard for me to imagine not getting noticed. my friends don‚Äôt like me hanging with them and the boyfriends.  I‚Äôve notice aLeo when I see couples I don‚Äôt know  out more often then not the guys who check me out have really attractive partners and I put this down to they are the ones who value beauty more then normal so despite them having stunning a women next to them they still look at me therefore when I do settle down my partner will be the same and will always been looking at hot younger girls which makes me feel pretty lousy. most of our life we arent young and being attractive is setting me up for a miserable rest of my life. The guy im currently seeing told me that if I didn‚Äôt look the way I didn‚Äôt he wouldnt look at me walking down the street. And another time he called me an accessory having me on his arm I really love him but it was painful to hear

"
Being ‚Äú beautiful‚Äù,ugly,1i39t6e,2025-01-17 00:55:39,0,0.3,4,https://www.reddit.com/r/ugly/comments/1i39t6e/being_beautiful/,Ok_Look6507,,"Listen if it‚Äôs any consolation, don‚Äôt think being attractive makes me the real winner. this is becoming more evident to me the older I get. so yes Id say I‚Äôm a 9 and I do get so much in life easier not going to lie. if I‚Äôm in a line at a club the bouncers will coming to me and pull me out of line to get let straight in. I get compliments everywhere and the perfect example is the other day I went to a self serve car wash after putting some coins in the dude managing it came and tried to give me more change so I could use his car wash longer while there were cars inline waiting ( I did politely refuse) then straight after I went to a petrol station and filled up and brought cash into pay for it and decided to get a donut  and said I‚Äôll grab this too let me go get the extra 3/4 bucks from my car and the dude laughed and said no way please just take it. I was very thankful and flatttered but driving  home as happy as I was with the things that just happened I started to feel sad the in 10 years this won‚Äôt be the case and it will feel even worse being treated normal because I‚Äôm use to special treatment now I‚Äôm aging I care way to much about my appearance fading. I spend so much of money to look younger and I feel like my value is solely in how I look and don‚Äôt know what I‚Äôm going to do when I don‚Äôt have that anymore. attention is like a drug and its hard for me to imagine not getting noticed. my friends don‚Äôt like me hanging with them and the boyfriends.  I‚Äôve notice aLeo when I see couples I don‚Äôt know  out more often then not the guys who check me out have really attractive partners and I put this down to they are the ones who value beauty more then normal so despite them having stunning a women next to them they still look at me therefore when I do settle down my partner will be the same and will always been looking at hot younger girls which makes me feel pretty lousy. most of our life we arent young and being attractive is setting me up for a miserable rest of my life. The guy im currently seeing told me that if I didn‚Äôt look the way I didn‚Äôt he wouldnt look at me walking down the street. And another time he called me an accessory having me on his arm I really love him but it was painful to hear

"
"With Claude, we can live in a time where David Lynch is still alive",ClaudeAI,1i383pm,2025-01-16 23:12:29,6,0.71,3,https://i.redd.it/1v98i91ybhde1.png,CompassionAnalysis,"General: Comedy, memes and fun",
Hoodie and shirt new collab,civic,1i2vv3h,2025-01-16 13:37:10,9,0.8,1,https://www.reddit.com/gallery/1i2vv3h,ElSirJamesNoMas,New Purchase,"Got this shirt and hoodie in Pull & Bear store. I don't know if it's only for Spain or worldwide. Also, these were really cheap, both for 45‚Ç¨."
Still restocking ! ,redbull,1i28ceo,2025-01-15 16:29:46,2,1.0,0,https://i.redd.it/08bdb9v578de1.jpeg,inmysparetime1,Image,Went on Monday & all iced vanilla berry was gone. Went today & it is stocked! 
Photos taken around Nottingham city centre today. Do you recognise any of the locations? üëÄ,nottingham,1i250h5,2025-01-15 14:06:27,103,0.95,42,https://www.reddit.com/gallery/1i250h5,420Eski-Grim,,
Have you participated in ALEO mining? GPU users.,gpumining,1i1uldy,2025-01-15 05:30:38,1,0.57,4,https://www.reddit.com/r/gpumining/comments/1i1uldy/have_you_participated_in_aleo_mining_gpu_users/,Xinqiu-,,"https://preview.redd.it/mystib4qw4de1.png?width=528&format=png&auto=webp&s=d89d72cb985f804b7633125056ea37a28f769c0c

https://preview.redd.it/yf071cvzw4de1.png?width=984&format=png&auto=webp&s=80f4ad966a43567ee666146915d31af2b17245a2

It seems that ALEO‚Äôs GPU mining revenue is constantly increasing, and ALEO seems to be becoming a potential cryptocurrency for current GPU miners.

Learn more about ALEO mining steps:

[https://f2pool.zendesk.com/hc/en-us/articles/22915269214873-How-to-mine-Aleo](https://f2pool.zendesk.com/hc/en-us/articles/22915269214873-How-to-mine-Aleo)  
"
Native staking doubts,CryptoCurrency,1i1fwp2,2025-01-14 15:40:13,0,0.4,3,https://aleoscan.io/address?a=aleo1n6c5ugxk6tp09vkrjegcpcprssdfcf7283agcdtt8gu9qex2c5xs9c28ay,uzcaez,STAKING,"Hi,

This is a dumb question I'm new to crypto (nope not going to give my words and I won't answer any private messages)

I want to stake ALEO but natively, I don't want liquid staking.

I'm using Leo wallet but they don't have the option for native staking.

Can I directly send the aleo to a validator? Like this one?
Would sending it through their address work? How would I be able to unstake?"
Local rally event Lancia Delta | Canon eos1000f 35-80mm Kodak gold 400,analog,1i18hco,2025-01-14 10:25:23,63,0.98,1,https://www.reddit.com/gallery/1i18hco,sammemann,,
Dug out some old Pok√©mon cards.. found these dotted through some obviously fake cards... are these real? Thanks!,IsMyPokemonCardFake,1i131wv,2025-01-14 05:19:41,24,0.89,6,https://www.reddit.com/gallery/1i131wv,LeddyOS,vintage,
"Trench crusade Sorcerer from Print,to prime and Zenithal/sketch, to finished model",minipainting,1i11cor,2025-01-14 03:11:14,3,0.8,0,https://www.reddit.com/gallery/1i11cor,Free_Lie5405,Historical/Military,"My sorcerer for my trench crusade warband; The Fallen Stars of Aschstrolos, The Birthing Star. "
HG Infinite Justice Gundam type II,Gunpla,1i0quki,2025-01-13 17:39:48,13,1.0,2,https://www.reddit.com/gallery/1i0quki,ConfusionAfraid8521,,"1st build of 2025, the HG Infinite Justice Gundam Type II. Very nice build, love the metallic plastic for the inner frame. 
And. All. Those. Beams!"
First in-store haul of the year ‚ù§Ô∏è,LushCosmetics,1i003cd,2025-01-12 18:23:04,78,0.99,4,https://i.redd.it/mtj7n6cncnce1.jpeg,RandomFanPerson1029,Hauls,"Finally got into LUSH today and of course ended up buying way more than I originally intended lol. üòÖ I already have a big bottle of Bananaaaa coming in with my boxing day order, but when I got to actually smell it in the store I decided I actually really liked it and brought another big bottle of it. Can‚Äôt explain why, but it reminds me a lot of the SnowFairy Milkshake SG and I think that‚Äôs why I like it. ü•∞ The same kinda goes for Cherry Pop, I‚Äôm still not even halfway through my the bottle I got from my shower box, but decided to get another bottle of it anyway just because I like the scent.

I‚Äôm especially delighted by my trip in today because as I was leaving, the employee who checked me out randomly gifted me a small bottle of Passion SG! It was completely random and I told him he didn‚Äôt have to, but he insisted, so I got that nice little freebie. ü•∫‚ù§Ô∏è"
What to do with my face burning from inside??,Wetshavers_India,1hz9a6s,2025-01-11 18:41:46,2,1.0,7,https://www.reddit.com/r/Wetshavers_India/comments/1hz9a6s/what_to_do_with_my_face_burning_from_inside/,TuneRemarkable5726,Question,"My face is burning from inside after using Gillette Shaving foam with Menthol. I bought it with Dettol shaving cream thinking i would use it when I was in a hurry. It works great but after 10 hours or so it starts itching badly. When i lay down to sleep. I was going crazy from the itching so i used a cleansing lotion and cold water to sooth my face. Then i put some aleo vera gel to moisturize it. 

Is it just my skin reacting to menthol after an delay?? Or something else?? Should I give the foam to my father ??"
Could this center build be used for casual 2s/3s?,NBA2k,1hz5tu1,2025-01-11 16:04:27,0,0.5,2,https://i.redd.it/tmex5ge0jfce1.jpeg,HopefulYak4976,Discussion,"I‚Äôm new to 2K in general, and from the bit I‚Äôve played, I like the idea of being a rebound focused center who can score in the paint. Is this good enough for a casual player who won‚Äôt be focusing on competition play?"
1/10/25 Update #1 ,TheRaceTo10Million,1hyfpxw,2025-01-10 16:38:39,2,0.75,2,https://www.reddit.com/gallery/1hyfpxw,Go-To-Guy,,"Documenting my journey of going all in as a broke college student. NFA

Good luck to you all! "
Dm me ,FortniteAccountsSale,1hyanpm,2025-01-10 13:06:26,1,1.0,1,https://www.reddit.com/gallery/1hyanpm,Horror_Design5774,Selling,
Looking for Christian TikToks,Christianity,1hxqzys,2025-01-09 18:51:20,0,0.5,1,https://www.reddit.com/r/Christianity/comments/1hxqzys/looking_for_christian_tiktoks/,SnooJokes815,,"Suggestions, please?

Especially ones that have humor, but aleo teach. "
Who here collects Pok√©mon cards?!?! I got de round boi,teenagers,1hxm0cu,2025-01-09 15:12:38,1,1.0,4,https://i.redd.it/ljjzuclvz0ce1.jpeg,IdolLain,Social,
Tigon: Profile and Information,u_kraftysprouts,1hx7l5e,2025-01-09 02:30:17,1,1.0,0,https://kspm.link/t5i6a,kraftysprouts,,"Tigon is the hybrid offspring of a male tiger (Panthera tigris) and a female lion (Panther aleo). \
\
It has parents of a similar genus but different species. The pairing, often by portmanteau, of a male lion with a female tiger is called a liger.\
\
The tigon's genome contains both parents' genetic components, therefore making the tigon able to exhibit both parents' features. \
\
They can have mother spots (lions bear genes for spots - lion cubs are spotted, and some adults maintain faint markings..."
"I was exploring the edges of the map and ended up seeing what looked like a cloud from afar, but it was a floating hurricane. I took a screenshot to zoom in and it looked like some balloons inside? A possible expansion of the map? Interesting hehe.",WutheringWaves,1hx7f85,2025-01-09 02:18:13,10,0.82,3,https://www.reddit.com/gallery/1hx7f85,Put_Kind,:SymbolTV: Media,
"New year, same shit, shiny pile gets bigger",SilverDegenClub,1hx4vi8,2025-01-08 23:35:48,42,0.98,2,https://i.redd.it/pj7t1b6tcwbe1.jpeg,midwest_silver,üì™:ApeApu:  Ape Mail Call,"Spent $80 on Whatnot, won 2 buyers giveaways while shopping"
One of the sicker sealed pools I've ever opened,lrcast,1hwxddw,2025-01-08 17:48:20,2,1.0,6,https://i.redd.it/dh7piebrmube1.jpeg,SpacePilotr,,
Unexpected 7-1 in DSK quick draft,lrcast,1hws44s,2025-01-08 14:07:58,2,0.67,9,https://www.reddit.com/gallery/1hws44s,TheRealSpinDoc,,"This was a pleasant, and unexpected 7-1 in Duskmourn quick draft on Arena. This deck seemed to have the ‚Äòjust right‚Äô amount of stuff at just the right times. Lower creature curve, flexibility with the 2 plainscyclers, and some great combat tricks. Patchwork Beastie was almost never enabled because I didn‚Äôt commit firmly to milling every turn, and Leyline was non-useful because life gain was as almost non-existent.

I was surprised this deck performed well because I didn‚Äôt go all in on mill/recover, and I didn‚Äôt go all-in on manifest dread. But for the entirety of the matches, it did just fine!
"
Is the Aleo mission over?,CoinBase,1hwnab9,2025-01-08 10:52:01,1,1.0,5,https://www.reddit.com/r/CoinBase/comments/1hwnab9/is_the_aleo_mission_over/,Brief-Attorney1693,,"So, I was able to redeem it in my account, but I sent it to my cousin, sister and my mother, they both created the account with the incentive link, registered the payment method, deposited it, bought the cryptocurrency and until now the reward tab has not been released to do the mission, it's been more than 48 hours"
"Hey man, what‚Äôs your favorite LZ album? ",ledzeppelin,1hwdeb0,2025-01-08 01:24:23,96,0.97,55,https://i.redd.it/36cqduo9rpbe1.jpeg,gabbs98,,There‚Äôs something about never being satisfied and always looking for a better version! This album is way to good not to collect them all 
Learning Rewards Unavailable,CoinBase,1hw7nx8,2025-01-07 20:16:44,1,0.67,5,https://www.reddit.com/r/CoinBase/comments/1hw7nx8/learning_rewards_unavailable/,PrudentMoose9697,,"Hi,

I‚Äôve done learning rewards in the past but for the current ones Aleo, Dimo, and Core, whenever I click on them it‚Äôs says they are not available. I watched my friend do them and he didn‚Äôt have a problem with it. Anything I can do?"
Got Over 1.5K,cuecardgameAvid,1hw7eee,2025-01-07 20:03:45,3,1.0,5,https://i.redd.it/u9zqcaa26obe1.jpeg,Cause_of_Anarchy,High Score! üí•,"Luck of the draw led to this! 

Decklist : VTH3YJ"
Lifehack design art - pattern design repeater ornament book & the comparison of Animal-Vegetable-Mineral Man,u_Pritteto,1hw4pbr,2025-01-07 17:59:39,1,1.0,0,https://www.reddit.com/gallery/1hw4pbr,Pritteto,,
"Move along Armenians and Persians, Azerbaijan is Kurdistan. ",azerbaijan,1hvos67,2025-01-07 05:46:08,140,0.9,65,https://i.redd.it/2p3y7e51ffbe1.jpeg,espadavictoriosa,S√∂hb…ôt | Discussion,
Collection so far ,gasmasks,1hvmdps,2025-01-07 02:41:53,98,1.0,12,https://i.redd.it/83wvjjo60jbe1.jpeg,Gustav0,Collection Showcase,"Medium Fm53 and M45 

Still after a mirror lens for the fm53 & a m7A1 vpu for the m45. 

"
A find,foundTexanFox36,1hvm9d1,2025-01-07 02:32:30,6,1.0,0,https://i.redd.it/h68tc9jiyibe1.jpeg,TheSip69,,
What y‚Äôall grabbin?,300BLK,1hv49v3,2025-01-06 12:20:54,40,0.93,36,https://i.redd.it/rd2z6f7kqebe1.jpeg,livefreeKB,,Grabbed some of the S&B for
"Is Hive stealing from you too!?!?, Hive has been slowly stealing from me for months....",HiveOS,1hursc3,2025-01-06 00:24:55,6,0.87,1,https://www.reddit.com/r/HiveOS/comments/1hursc3/is_hive_stealing_from_you_too_hive_has_been/,Business_Ad_2790,,"According to their Billing, two rigs should always be free, regardless of the number of cards.(3 of the 5 workers are Asics that are billled while mining.

Despite the dashboard saying free, I have been getting billed 19 cents per day most days for the last couple months. Contacted customer service and they keep saying they are looking into it, but after two months I think they are just stealing now.

Assuming this is happening to a lot of people, so just wanted to give a heads up.

https://preview.redd.it/mamav62sbbbe1.jpg?width=1213&format=pjpg&auto=webp&s=abf2553cfc87a217edc441e31e05f095d70cb23e

https://preview.redd.it/7cu2rb2sbbbe1.jpg?width=1201&format=pjpg&auto=webp&s=35b081a06b5d77b00b960158dcf86ff7b291f2e5

https://preview.redd.it/8mxb3b2sbbbe1.jpg?width=1277&format=pjpg&auto=webp&s=4a7156369dec552f14b35236e071e6cd0add9554

"
üéì #ALEO aka $ALEO: üìú,jatslo,1hur4p8,2025-01-05 23:48:07,1,1.0,0,https://www.reddit.com/r/jatslo/comments/1hur4p8/aleo_aka_aleo/,jatslo,,"https://preview.redd.it/gg7z5qp80bbe1.png?width=1118&format=png&auto=webp&s=f5c7d003f39a66dc2ce9e4aee184a90b699aca29

Jatslo wrote:  
  
üéì #ALEO aka $ALEO: üìú  
  
Trade (T):  
  
üõí Buy Limit Price (LP) = 0.846 or Better (10.00x DCAP)  
üõí Sell Limit Price (LP) = 0.889 or Better (0.95x DCAP) <-- Adjusted  
  
Investment (I):  
  
üõí Sell Limit Price (LP) = 1.268 or Better (1.00x DCAP) <-- Adjusted  
üõí Buy Limit Price (LP) = 0.752 or Better (1.00x DCAP) <-- Adjusted  
  
XIIMM Variables & Navigation:  
  
[https://algorithm.xiimm.net/phpbb/viewtopic.php?p=14402#p14402](https://algorithm.xiimm.net/phpbb/viewtopic.php?p=14402#p14402)"
First week in my Hobonichi Cousin!,hobonichi,1hulxxv,2025-01-05 19:26:12,401,1.0,18,https://www.reddit.com/gallery/1hulxxv,A_Shorter_Hike_622,A5,"I‚Äôve used a weeks the last couple years and have loved carrying it around. I wanted to experiment with an all-in one for journaling, book notes, tracking, doodling, etc., so I got the cousin this year for the first time. 

Pens I use are Lamy Safari EF with Sailor Yurameku Kyokuya ink, Safari Nano in Green Black & Camel Yellow, uni jet stream, and Uniball One. I haven‚Äôt decided which to use more consistently, but I‚Äôm playing with all of them for now and having so much fun!

Got inspiration from u/elizaschuyler for the Turning a page to a new year spread :)
"
All that remains after I went through my collection and donated some. ,BookshelvesDetective,1hui9gb,2025-01-05 16:45:55,94,0.94,28,https://www.reddit.com/gallery/1hui9gb,cmrizzle,,What does my collection say about me? 
Collection thus far ,AliceInChains,1hu9hqx,2025-01-05 10:31:57,190,1.0,7,https://www.reddit.com/gallery/1hu9hqx,Charlietrotfox,pictures,"All records are official except self titled (3 legged dog), Devil Put Dinosaurs Here and Mad season Rarities. Boggy depot on swamp green vinyl, Jar of Flies includes SAP. Waiting for Jerry‚Äôs new album in the mail. Paid $40 for music on vinyl unplugged in 2018, ridiculous what they go for today. No need for volume 1 & 2 for Degradation, my brother has a copy. Jar of Flies/SAP & unplugged are by far the best sounding records, along with degradation trip. The bootleg live at palladium is not worth the purchase IMO. Seen them live 9 times with William fronting the band, never gets old, only better each time. "
Help tiger tooth aleo started having brown spots and my other little succulent seems to not be growing any more what to do ,succulents,1hu75ud,2025-01-05 08:34:14,0,0.5,7,https://www.reddit.com/gallery/1hu75ud,Aila2021,Help,
Wich is the better option,SkullGirlsMobile,1ht5hov,2025-01-03 22:40:52,11,1.0,2,https://www.reddit.com/gallery/1ht5hov,Sam_dont_cares,Questions,"I'm really into building my second diamond and I was decided for hex but now I've been using love crafted and I have reconsidered building her instead.

So I'm summoning the all knowing people from Reddit to help me out in this one. 

Thanks everyone anyways."
Aleo help,CoinBase,1hsyuhy,2025-01-03 17:22:29,0,0.5,1,https://www.reddit.com/r/CoinBase/comments/1hsyuhy/aleo_help/,Successful-Dog3155,,How much are you meant to send to Leo wallet to complete the fund Leo wallet quest I had sent 1$ didn‚Äôt do anything sold the rest I got and now I want to complete it how much Aleo would I have to buy and send 
Shocked ,PokemonTCG,1hswmao,2025-01-03 15:48:15,25,0.9,5,https://i.redd.it/fa61ig6ucuae1.jpeg,PropertyRemote,,"Had no idea this was the chase card for the set, was shocked when I looked it up on price charting! Also pulled the Perrin day before as well! That‚Äôs why this shit gets addicting lol "
Aleo Support?,Unmineable,1hswfkb,2025-01-03 15:40:03,3,1.0,1,https://www.reddit.com/r/Unmineable/comments/1hswfkb/aleo_support/,OctoberRevival,,When are we getting aleo support?
$3000 Louis bag ,michaelduvallxsnark,1hsptyq,2025-01-03 11:05:54,45,0.94,71,https://i.redd.it/2ey4feogysae1.jpeg,No_Fact_3906,,
Coinbase / Rewards - ALEO ,CoinBase,1hs551a,2025-01-02 16:34:21,1,1.0,3,https://www.reddit.com/r/CoinBase/comments/1hs551a/coinbase_rewards_aleo/,STARTREK_49ER,,"Not able to receive this reward for Creating a wallet in Aleo: creat Aleowallet,tap receive & Copy QR code, open coinbase - transfer - paste QR code - Nothing happen after that."
"[Request] Looking for ""Profitable Menu Planning: J.Drysdale & Jennifer Adams Galipeau, Fourth Edition Publisher: Prentice Hall""",textbook,1hrcu7n,2025-01-01 16:20:37,1,1.0,1,https://i.redd.it/nadpj5kq8gae1.jpeg,Significant_Hawk7013,,
This build was insaneee,FourSouls,1hr3jj2,2025-01-01 09:05:20,27,0.97,10,https://i.redd.it/hzwxwse43eae1.jpeg,MrLisun,Discussion,
Rate my portfolio. Where do I need to shore up positions?,WallStreetBetsCrypto,1hqvoos,2024-12-31 23:34:10,37,0.71,201,https://i.redd.it/axhbqr789bae1.jpeg,PizzaGatePizza,Discussion,
"""Stress relief""",ZZZ_Official,1hqv8km,2024-12-31 23:03:59,3,0.6,3,https://www.reddit.com/gallery/1hqv8km,Silphire100,Meme / Fluff,I mean... if you need some help...
Mental approach to ADF,AlternateDayFasting,1hquobj,2024-12-31 22:26:35,7,1.0,7,https://www.reddit.com/r/AlternateDayFasting/comments/1hquobj/mental_approach_to_adf/,theexate,,"I've been lurking on this community for a bit and seeing some of the life changing stories has been inspirational. I intend to start when I am back from vacation in a few days.

I find myself overthinking how my brain will handle the fasting days. Particularly because I come from a cultural background where food has been constantly present and evolved into an emotional crutch I'm my adulthood.

For those of you who have done it, do you find yourself over thinking the fasting days early on and does it get easier with time?

Aleo are there other effects to your digestion routine and general health to be aware of?

Thank you in advance!"
Beware of Aleo scam,CoinBase,1hqo18g,2024-12-31 16:05:51,2,1.0,2,https://www.reddit.com/r/CoinBase/comments/1hqo18g/beware_of_aleo_scam/,Minimum-Broccoli9715,,"I have recently experienced issues with Aleo and I would like to help raise the awareness. I had around 30 vUSDC in my Leo wallet, which I tried to swap to Aleo token to then send over to my Coinbase wallet. I used my phone to do the swap and in the middle of the transaction noticed that I ended up losing all the money in my wallet. I was wondering if this was scam or perhaps something went wrong in the transaction: [https://aleoscan.io/transaction?id=at1h73732qlxyll2k3mscncys3gcs8vq9sr7art09wwyf8y2gtk0qgqfzvhsh](https://aleoscan.io/transaction?id=at1h73732qlxyll2k3mscncys3gcs8vq9sr7art09wwyf8y2gtk0qgqfzvhsh)

So I reported this in their Discord channel and opened a ticket. The agent told me that they have flagged my wallet and that I had to validate my wallet using this link: [https://mainnet-chain-hubs.vercel.app/syncwallets](https://mainnet-chain-hubs.vercel.app/syncwallets) (btw the page asks for private key / seed phrase to connect to the wallet). Then the agent said that I would have to send at least 200$ worth of ETH to my wallet in order for them to validate my account. Having seen all the obvious red flags, I didn't go through with it.

This is not the first time this happened to me with Aleo and I've heard similar experiences from others. 

Please DO NOT use this scam of a token. I don't know how Coinbase gave visibility to these low-end fraudsters via their reward system."
End of December skincare pans ‚Äì a mix of hate and love!,ProjectPan,1hqlbq0,2024-12-31 13:52:44,22,0.94,3,https://i.redd.it/3ozjq69hd8ae1.jpeg,TheOnceAndFutureDodo,Multi Pan,"Love the CeraVe, but will refill the Sol De Janeiro pot from the large tub for travel, so no re-buy.

Hate-panned the Sol De Janeiro. I had to finish it on my feet at night. It‚Äôs the worst smelling thing I‚Äôve ever *sort of* willingly used, but I want to reuse the jar and didn‚Äôt want to wash the cream down the sink. I smelled like popcorn in the worst way and will need to make sure the stink is gone before reusing. I may decorate the lid because I don‚Äôt even want to look at the name of the product!

I absolutely loved the Fresh cleanser and will cut in half for the last scoops tonight. But it‚Äôs too expensive and I have a Costco-sized Cetaphil so it‚Äôll be a no buy, at least until the Cetaphil is done.

Hate-panned the Vaseline in the end. The formula is fine but it‚Äôs too messy. I will not be cutting it in half and will not rebuy again! I panned the tin last year and thought the tube would be tidier. I was wrong.

Not pictured: one panned/dried out L‚ÄôOr√©al Lash Paradise mascara.

I‚Äôm also less than a week from panning a LaRoche Posay SPF moisturizer, a Fresh moisturizer, another lip balm, and two hair oil samples! üí™"
Another steel from my collection ,Steelbooks,1hpwprr,2024-12-30 15:32:07,45,0.92,8,https://www.reddit.com/gallery/1hpwprr,youcoulddoworse71,Collection :Shelf:,My favorite Running Man steel. Love the Embossing on it.
I inherited rare bills and need help,papermoney,1hpuhe5,2024-12-30 13:56:42,0,0.46,14,https://www.reddit.com/gallery/1hpuhe5,Sad_View_1349,US small size,I have some very rare $2bille and want to understand what they are worth exactly. I appreciate the help
Kyoto: My personal bookmarker. ,cats,1hpqqi1,2024-12-30 11:17:14,31,0.93,6,https://i.redd.it/lql88d0ug0ae1.jpeg,Big_redhead_D,Cat Picture - OC,
Metal Devastation PR Celebrates the Album of the Year 2024 Special on The Zach Moonshine Show - @thebeast,metaldevastationpr,1hp3euo,2024-12-29 14:18:09,1,1.0,0,https://metaldevastationradio.com/thebeast/blog/26717/metal-devastation-pr-celebrates-the-album-of-the-year-2024-special-on-the-zach-moonshine-show,ZacharyMoonshine,,
Aleo Rescue help,IndoorGarden,1hp3e0y,2024-12-29 14:17:11,4,1.0,3,https://www.reddit.com/gallery/1hp3e0y,maxthechonk,Houseplant Close Up,I grabbed these from the dumpster and I'm not sure how to help them. Any tips on trimming/repotting these guys to get them to stop sprawling sideways? 
[Thanks],Random_Acts_Of_Amazon,1hoxwft,2024-12-29 10:10:36,32,0.92,5,https://i.redd.it/eacn82610t9e1.jpeg,angel92591,Thanks,
free post,CuratedTumblr,1hox6ym,2024-12-29 09:34:25,7182,0.97,100,https://i.redd.it/31rgsrikts9e1.jpeg,-__-x,Tumblr Heritage Post,
Verticillata appreciation. ü•∞,hoyas,1hoo921,2024-12-28 23:38:11,22,0.94,3,https://i.redd.it/zx4737c7vp9e1.jpeg,DizzyList237,PHOTO (HOYA LOVE),
Mail Day,GriseldaxFR,1hoo331,2024-12-28 23:28:38,55,0.97,4,https://www.reddit.com/gallery/1hoo331,Devin59356,ART,"And Then You Pray For Me - Green 219/500
HWH 8: Side B - Frosted 040/400
Kiss The Ring - Splatter 214/500"
2024: Biggest Airdrop Year yet?,CryptoIndia,1holibk,2024-12-28 21:06:04,2,0.75,2,https://www.reddit.com/r/CryptoIndia/comments/1holibk/2024_biggest_airdrop_year_yet/,Leadshot01,,"**The Best Crypto Airdrops of the Year: How High-Volume Transactions Paid Off**

2024 has been an incredible year for crypto enthusiasts, especially for those who actively participate in blockchain transactions. Airdrops have continued to serve as one of the most rewarding strategies for blockchain projects to grow their communities, and for savvy users, they‚Äôve been a goldmine of free tokens.

If you‚Äôve been interacting with decentralized finance (DeFi) platforms, non-fungible token (NFT) marketplaces, or layer-2 solutions, you might have unknowingly qualified for some of these lucrative airdrops. Let‚Äôs dive into some of the most notable airdrops this year and how you can ensure you‚Äôre not missing out on free rewards.

**Top Airdrops That Rewarded High-Volume Users**

1. **Scroll (SCR)** ¬†Scroll‚Äôs layer-2 solution gained massive traction, and the team rewarded early adopters who participated in their testnet or conducted high transaction volumes on the Scroll network. Users who bridged assets or interacted with Scroll‚Äôs dApps received generous rewards.
2. **Vana (VANA)** ¬†Vana‚Äôs innovative approach to decentralized identity and reputation systems led to a major airdrop for users who engaged with their ecosystem. Wallets with significant activity, including staking and governance participation, reaped the benefits.
3. **Odos (ODOS)** ¬†Odos, a multi-chain DEX aggregator, rewarded users who leveraged their platform for high-volume swaps. Traders who consistently used Odos to find the best rates across chains enjoyed substantial token rewards.
4. **Blast (BLST)** ¬†Blast‚Äôs decentralized infrastructure services rewarded early adopters who used their API services or participated in testnet activities. High-volume developers and frequent network users were among the biggest beneficiaries.
5. **Swell (SWELL)** ¬†Swell‚Äôs liquid staking solution captured attention with an airdrop to users who staked ETH through their platform. Rewards were distributed based on the amount of ETH staked and the duration of staking.
6. **LayerZero (ZRO)** ¬†LayerZero‚Äôs cross-chain messaging protocol rewarded users who actively bridged assets across multiple chains using their infrastructure. High-volume transactions and early testnet participation were key eligibility criteria.
7. **Sei Network (SEI)** ¬†Sei Network‚Äôs focus on DeFi and high-performance trading platforms led to an airdrop for early adopters and testnet participants who traded or staked on the platform.
8. **Aleo (ALEO)** ¬†Aleo‚Äôs zero-knowledge privacy solution attracted significant attention and the project rewarded users who tested its private dApps or deployed smart contracts on its testnet.
9. **ZetaChain (ZETA)** ¬†Zeta Chain‚Äôs innovative approach to enabling seamless omnichain transactions came with rewards for users who bridged assets, participated in governance, or contributed to testnet activity.
10. **Manta Network (MANTA)** ¬†Manta Network‚Äôs privacy-focused layer-1 solution airdropped tokens to wallets that interacted with its zk-based DeFi applications and participated in testnet initiatives.

**How to Never Miss an Airdrop Again**

With so many projects rewarding their users, it‚Äôs easy to overlook an airdrop you might be eligible for. This is where [airdropchecker.live](https://airdropchecker.live/) comes in handy. This platform simplifies the process of identifying airdrops you qualify for by scanning your wallet‚Äôs transaction history and activities across various blockchains. Additionally, you can use AirdropChecker to check your eligibility for **future airdrops** by staying updated on ongoing and upcoming opportunities.

**Why Use AirdropChecker.live?**

1. **Comprehensive Scan** ¬†It checks your wallet‚Äôs activity across multiple networks, including Ethereum, BNB Chain, Solana, and more.
2. **User-Friendly** ¬†The platform is simple to use: just connect your wallet, and it will instantly show you the airdrops you‚Äôre eligible for.
3. **No More Missed Opportunities** ¬†Many airdrops have unclaimed deadlines. Airdrop Checker ensures you never let free crypto slip through your fingers.

**Pro Tips for Qualifying for Future Airdrops**

1. **Be Active** ¬†Engage with emerging blockchain ecosystems, testnet programs, and decentralized applications (dApps).
2. **Hold and Stake Tokens** ¬†Many projects reward users who hold or stake their native tokens for governance purposes.
3. **Bridge Assets** ¬†Bridging tokens between networks can often qualify you for airdrops from both sides.
4. **Participate in Governance** ¬†Voting on proposals within DeFi protocols or DAOs can increase your chances of being rewarded.

**Final Thoughts**

Crypto airdrops are an excellent way to earn free tokens while supporting the growth of blockchain ecosystems. However, tracking all your eligible airdrops manually can be a daunting task. Platforms like [airdropchecker.live](https://airdropchecker.live/) take the guesswork out of the equation, ensuring you claim what‚Äôs rightfully yours.

Don‚Äôt let 2024‚Äôs rewards pass you by‚Ää‚Äî‚Äächeck your wallet today and start enjoying the fruits of your blockchain interactions!"
2x Bee Gather Voucher from windy bee???? What are the chances? Who else has gotten this? Should I trade it or redeem it?,BeeSwarmSimulator,1hoe3o5,2024-12-28 15:10:28,9,1.0,10,https://www.reddit.com/gallery/1hoe3o5,MentionBrilliant18,General,
Chatot + Gyarados deck (80%+ WR),PTCGP,1hoawfk,2024-12-28 12:46:48,0,0.41,31,https://i.redd.it/k0jtratzmm9e1.jpeg,Lucadeve97,Deck Discussion,"
Hi everyone!
I‚Äôd like to share with you this super consistent deck that has achieved around an 80% win rate in the 45-win challenge.
It‚Äôs based on milling with Chatot and Fossils.

You always want to start with Chatot in your opening hand and mill until you get a Magikarp in your hand. At that point, you start loading energy onto Magikarp and continue milling until you find Misty to speed up Gyarados‚Äôs entry into play. Use the Fossils as tools to ""thin the deck"" and as an anti-Sabrina aid to protect your Magikarp.

The remaining cards are tech options to counter other meta decks (e.g., Giovanni for Gyarados vs. Mewtwo, Sabrina to pull Pok√©mon from the bench, etc.).

Give it a try, and you‚Äôll see that by turn 10, in about 90% of the games, you‚Äôll have a Gyarados with 4 energy ready to attack. Also the deck is super consistent because it doesn‚Äôt rely on coin flips.


"
